repo_name,file,commit,is_corrective,is_refactor
24eme/giilda,project/plugins/acVinFacturePlugin/lib/task/paiementSetexportedTask.class.php,c92d6a9d6d0f015fee6d8e00e3c8f27bb1f12c4e,true,false
3liz/lizmap-web-client,lizmap/www/assets/js/edition.js,2bf46f1a2e00d8f26b3fe5f11d130713850d0026,true,false
Admidio/admidio,adm_program/system/classes/TableFile.php,abdea2163e924d09635209c1f5ef687e72842055,true,false
Admidio/admidio,dockerscripts/startup.sh,fe00f8b8d4926028d201fe9b2fd1da5697650f22,true,false
AdrianMarceau/mmrpg-prototype,functions/game_save-game-session.php,5f20829916ff19d95588ca658c974b35f1f177e9,true,false
AdrianMarceau/mmrpg-prototype,prototype/unlocks.php,b8551088f9f3a8e58b96d32368b7b5a728efc136,true,false
AdrianMarceau/mmrpg-prototype,battle.php,c77540b9db4cb4130835b90c4ef94bbbe6a6e136,true,false
Adyen/adyen-magento2,view/frontend/web/js/view/checkout/validator-mixin.js,a4a58eae668ae3428d56f056e348d88a0827ee6e,true,false
Adyen/adyen-magento2,view/frontend/web/template/payment/cc-form.html,dd8758885b028d599e84440d879b5e9e1cea34fc,true,false
Adyen/adyen-magento2,view/frontend/web/template/payment/hpp-form.html,dd8758885b028d599e84440d879b5e9e1cea34fc,true,false
Adyen/adyen-magento2,view/frontend/web/template/payment/pos-cloud-form.html,dd8758885b028d599e84440d879b5e9e1cea34fc,true,false
Adyen/adyen-php-api-library,src/Adyen/Util/ManualCapture.php,0f2c868f862bea18e3f0583d7285b019525b9920,true,true
Adyen/adyen-php-api-library,tests/Unit/Util/ManualCaptureTest.php,0f2c868f862bea18e3f0583d7285b019525b9920,true,true
Apfelfrisch/Edifact,src/Segment/GenericSegment.php,ec2f4ff541b92bf062aa30fbedeb455e10a335c2,false,true
Automattic/vip-go-mu-plugins,vip-support/.gitignore,9f7283c35ef8fe6b286a50c0d6547977c57d2529,false,true
Automattic/vip-go-mu-plugins,vip-support/README.md,9f7283c35ef8fe6b286a50c0d6547977c57d2529,false,true
Automattic/vip-go-mu-plugins,vip-support/composer.json,9f7283c35ef8fe6b286a50c0d6547977c57d2529,false,true
Automattic/vip-go-mu-plugins,vip-support/composer.lock,9f7283c35ef8fe6b286a50c0d6547977c57d2529,false,true
Automattic/vip-go-mu-plugins,vip-dashboard/vip-dashboard.php,c0ab7c1966b9bac48d3f1253e4dfef1d5740d583,false,true
AzuraCast/AzuraCast,src/Console/Command/Sync/NowPlayingCommand.php,5303eb9b7ac3ae1e87aa187f3e186a5201568594,true,false
AzuraCast/AzuraCast,src/Controller/Frontend/Account/RecoverAction.php,bb6ddf876a344eff65d640498d6ba93099ae754e,true,false
BeWelcome/rox,assets/js/landing/landing.js,1586198af020d31454428cd4a037be01265955ff,true,false
BeWelcome/rox,src/Form/SubtripType.php,8c64a3cc6d60e4af0bf9f98fc88204d90014b0fe,true,false
CORE-POS/IS4C,fannie/classlib2.0/data/models/op/PosKeysModel.php,4933a455edec079c46de5a6405090045410f252f,true,false
CatoTH/antragsgruen,views/speech/user-footer-widget.vue.php,4b8b2ee08747baa6d09b6440673ea9fad0a0b19b,true,false
CatoTH/antragsgruen,web/css/_speech_lists.scss,4b8b2ee08747baa6d09b6440673ea9fad0a0b19b,true,false
CatoTH/antragsgruen,messages/en/consultation.php,e1bf868466df94010c14f029d2493d7d4ac54d89,true,false
CatoTH/antragsgruen,tests/unit/HTML2TexTest.php,ebdd015c7cd8c85905ea07e6a9cfd56c38720b90,true,false
Chi-teck/drupal-code-generator,templates/theme/package.json.twig,4aeedc25171d5b88fc5026152a6cf0cba5df722b,false,true
Chi-teck/drupal-code-generator,tests/dcg/Generator/_theme/package.json,4aeedc25171d5b88fc5026152a6cf0cba5df722b,false,true
Chi-teck/drupal-code-generator,templates/plugin/migrate/source/source.twig,c95f3599cb96a108f8d3753cb4817cac155d4ff6,true,false
Chi-teck/drupal-code-generator,tests/dcg/Generator/Plugin/Migrate/_source_other.php,c95f3599cb96a108f8d3753cb4817cac155d4ff6,true,false
Chi-teck/drupal-code-generator,tests/dcg/Generator/Plugin/Migrate/_source_sql.php,c95f3599cb96a108f8d3753cb4817cac155d4ff6,true,false
Codeception/Codeception,src/Codeception/Lib/Console/DiffFactory.php,cee5bf48a64df554a3b43670d7d9ae48b20147f5,true,false
Connections-Business-Directory/Connections,includes/Utility/class.validate.php,9d788c00a51e0805212216136559eed3775be9fb,false,true
Connections-Business-Directory/Connections,includes/system-info/inc.system-info.php,aa2b175a7eec4ec9eba7a07fdc329d60f90c9510,false,true
Cvolton/GMDprivateServer,incl/profiles/getGJUserInfo.php,66b58f91f96c3762c076e006eb6c6a3f7cfa4623,false,true
DanWin/hosting,usr/local/etc/rspamd/local.d/external_services.conf,11b2aaaaf084f93927713a7ad7ed6d284feba7a5,false,true
DmitryMyadzelets/porticodelleparole,application/index.php,1020cc3e66e80a147c0e2a8a6712f716b06a902a,false,true
DoSomething/northstar,jest.config.js,64b77984cacde8dfc081b956ec203318f4d40bac,true,false
DoSomething/northstar,resources/js/components/FormInput/SelectInput.test.js,64b77984cacde8dfc081b956ec203318f4d40bac,true,false
FreshPorts/freshports,classes/port-display.php,ea7f745171a25f2398ca0b6e1e10bff49e2a60f3,true,false
FreshRSS/FreshRSS,app/views/subscription/index.phtml,9224668285d47830830abd0f123650cadea79f80,true,true
FreshRSS/FreshRSS,p/scripts/category.js,9224668285d47830830abd0f123650cadea79f80,true,true
FreshRSS/FreshRSS,p/themes/icons/debug.svg,9748ac48e40947b80808933213b043dc797670b6,true,false
FreshRSS/FreshRSS,cli/i18n/I18nFile.php,e28a2e320eb40c777d476bd0e6d06fe6b73d3455,false,true
Froxlor/Froxlor,lib/Froxlor/Cron/Http/Lighttpd.php,0d45e03f194ce8ab2ac5b702506234b1d98ecc70,true,false
GemsTracker/gemstracker-library,classes/Gems/Tracker/Source/LimeSurvey4m00FieldMap.php,0a9f71d3702f8c0b5749a87a46a76ed8a0f4ea4d,true,false
GemsTracker/gemstracker-library,classes/Gems/Tracker/Token.php,6d6ffbe65fcddce2e66663d677ce8b5b178308b2,true,false
GetDKAN/dkan,modules/common/docs/openapi_spec.json,06daa84027fd9e418759cc249f1a3c2ec2dfd8f3,false,true
GetDKAN/dkan,modules/common/docs/openapi_spec.yml,06daa84027fd9e418759cc249f1a3c2ec2dfd8f3,false,true
GetDKAN/dkan,modules/datastore/docs/openapi_spec.json,06daa84027fd9e418759cc249f1a3c2ec2dfd8f3,false,true
GetDKAN/dkan,modules/metastore/docs/openapi_spec.json,06daa84027fd9e418759cc249f1a3c2ec2dfd8f3,false,true
Icinga/icingaweb2,modules/monitoring/application/views/helpers/PluginOutput.php,48e0f1bd1f7e04be93631e573228e8d0378b6a1a,true,false
Icinga/icingaweb2,modules/monitoring/test/php/application/views/helpers/PluginOutputTest.php,48e0f1bd1f7e04be93631e573228e8d0378b6a1a,true,false
Icinga/icingaweb2,library/Icinga/Data/Db/DbQuery.php,f16a54242a184be6aa470bafac68a6600c044fea,true,false
Icinga/icingaweb2-module-director,application/forms/IcingaAddServiceForm.php,351c41cb3c19aaa7395bac6bb86baa0debea0655,true,false
Icinga/icingaweb2-module-director,library/Director/Web/Controller/ObjectsController.php,43dddc58aa1396f1c07d8e28cd33f83d56900c2a,true,false
Icinga/icingaweb2-module-director,library/Director/Objects/SyncRule.php,71f3654c0b2d24c5d0104fb32fbf9c6ae31c3c23,true,false
InfotelGLPI/manageentities,hook.php,07eb6990f2437e628a97d316b395eed2e94dc9c0,true,false
InfotelGLPI/manageentities,install/sql/update-4.0.0.sql,07eb6990f2437e628a97d316b395eed2e94dc9c0,true,false
InfotelGLPI/manageentities,inc/contractday.class.php,206862f6800a8f6b3f62bb58749be3d9539e0d29,true,false
InfotelGLPI/resources,inc/adconfig.class.php,622cc8160298bc29346f50b1200d4f22355d7236,true,false
Karmabunny/sprout3,src/sprout/Helpers/FileUpload.php,1e197877862d3380067e41db30d26359f5efdbcf,true,false
Karmabunny/sprout3,src/sprout/Controllers/DbToolsController.php,b2f065fee19bc386f004b0e604a54226c57ce4c5,false,true
KnpLabs/php-github-api,lib/Github/Api/Repo.php,4916a9401a27618673a26bf3c713d9d8da28ff2d,true,false
KnpLabs/php-github-api,test/Github/Tests/Api/RepoTest.php,4916a9401a27618673a26bf3c713d9d8da28ff2d,true,false
LibreTime/libretime,analyzer/libretime_analyzer/message_listener.py,0106b4c6cb8581586df172a372f76ad7a9bbbb3e,true,false
LibreTime/libretime,analyzer/tests/pipeline/organise_file_test.py,d4ffaf9a89a30870fc32b9090a7e196cff941046,false,true
LitusProject/Litus,data/br/pdf_generator/cv/index.xsl,9e736f8898339e521ee98ba2cfbc500cbf068d8d,true,false
LitusProject/Litus,module/BrBundle/Component/Document/Generator/Pdf/CvBook.php,9e736f8898339e521ee98ba2cfbc500cbf068d8d,true,false
LitusProject/Litus,module/ShiftBundle/Controller/ShiftController.php,da334e6869b1bbcddc37ea711573dd7da57fe9ea,true,false
MaharaProject/mahara,htdocs/lib/function.dirsize.php,0fcc5f94556aee70878cdc9789a203c4176998ec,true,false
MaharaProject/mahara,test/behat/features/settings/institution_configuration.feature,37ec5c6a9498def9abdcc58df79e29844391410b,true,false
MioVisman/FluxBB_by_Visman,admin_forums.php,6b69c35b7b4587e2a001fbb839ad981b32be3f75,true,false
Myddleware/myddleware,docs/images/basic_usage/contab_1.png,90e28faa51008a233969e211ef2bd4394f35caa7,false,true
Myddleware/myddleware,docs/images/basic_usage/create_crontab.PNG,90e28faa51008a233969e211ef2bd4394f35caa7,false,true
Myddleware/myddleware,docs/images/basic_usage/crontan_list.PNG,90e28faa51008a233969e211ef2bd4394f35caa7,false,true
Myddleware/myddleware,docs/images/basic_usage/jobscheduler_1.png,90e28faa51008a233969e211ef2bd4394f35caa7,false,true
Myddleware/myddleware,docs/images/basic_usage/jobscheduler_2.PNG,90e28faa51008a233969e211ef2bd4394f35caa7,false,true
Myddleware/myddleware,docs/images/basic_usage/jobscheduler_create.png,90e28faa51008a233969e211ef2bd4394f35caa7,false,true
Myddleware/myddleware,docs/images/basic_usage/rule/rule1.PNG,90e28faa51008a233969e211ef2bd4394f35caa7,false,true
Myddleware/myddleware,docs/images/basic_usage/rule/rule2.PNG,90e28faa51008a233969e211ef2bd4394f35caa7,false,true
Myddleware/myddleware,docs/images/basic_usage/rule/rule3.PNG,90e28faa51008a233969e211ef2bd4394f35caa7,false,true
Myddleware/myddleware,docs/images/basic_usage/rule/rule4.PNG,90e28faa51008a233969e211ef2bd4394f35caa7,false,true
Myddleware/myddleware,docs/images/basic_usage/rule/rule5.PNG,90e28faa51008a233969e211ef2bd4394f35caa7,false,true
Myddleware/myddleware,docs/images/basic_usage/rule/rule6.PNG,90e28faa51008a233969e211ef2bd4394f35caa7,false,true
Myddleware/myddleware,docs/images/dev_guide/command_synchro.PNG,90e28faa51008a233969e211ef2bd4394f35caa7,false,true
Myddleware/myddleware,docs/images/dev_guide/formula.PNG,90e28faa51008a233969e211ef2bd4394f35caa7,false,true
Myddleware/myddleware,docs/images/dev_guide/modules_fields.PNG,90e28faa51008a233969e211ef2bd4394f35caa7,false,true
Myddleware/myddleware,docs/images/dev_guide/simulate_transfer.PNG,90e28faa51008a233969e211ef2bd4394f35caa7,false,true
Myddleware/myddleware,docs/images/dev_guide/suitecrm_create.PNG,90e28faa51008a233969e211ef2bd4394f35caa7,false,true
Myddleware/myddleware,docs/images/dev_guide/tuto_connecteur_method_create_input.png,90e28faa51008a233969e211ef2bd4394f35caa7,false,true
Myddleware/myddleware,docs/images/dev_guide/view_modules.PNG,90e28faa51008a233969e211ef2bd4394f35caa7,false,true
NamelessMC/Nameless,core/includes/render.inc.php,a1d58cec9ca839911009552218bd56f4ff275799,false,true
NavigateCMS/Navigate-CMS,lib/packages/files/file.class.php,d2bf07685950aaee05eadc23c3a3779a09bc375b,false,true
OXID-eSales/oxideshop_ce,source/Core/Module/ModuleChainsGenerator.php,b1f9d3d349e9a0af4f0381849ccb9e4d66598b3e,true,false
OXID-eSales/oxideshop_ce,tests/Integration/Core/Module/Fixtures/chainGeneration/legacy/metadata.php,b1f9d3d349e9a0af4f0381849ccb9e4d66598b3e,true,false
OXID-eSales/oxideshop_ce,tests/Integration/Core/Module/Fixtures/chainGeneration/legacy/model/module_article.php,b1f9d3d349e9a0af4f0381849ccb9e4d66598b3e,true,false
OXID-eSales/oxideshop_ce,tests/Integration/Core/Module/Fixtures/chainGeneration/namespaced/Model/Product.php,b1f9d3d349e9a0af4f0381849ccb9e4d66598b3e,true,false
OXID-eSales/oxideshop_ce,tests/Integration/Core/Module/Fixtures/chainGeneration/namespaced/metadata.php,b1f9d3d349e9a0af4f0381849ccb9e4d66598b3e,true,false
OXID-eSales/oxideshop_ce,tests/Integration/Core/Module/Fixtures/chainGeneration/namespaced/module_autoload.php,b1f9d3d349e9a0af4f0381849ccb9e4d66598b3e,true,false
OpenConext/OpenConext-engineblock,library/EngineBlock/SamlHelper.php,c098e179aa95dd1bc9bcf71ff6a84fb07c4c2fbd,true,false
OpenConext/OpenConext-profile,templates/views/base.html.twig,6ce5494709bcff30674deb6ae9dbd308d9bb803b,false,true
OpenConext/OpenConext-profile,templates/base.html.twig,d26006e7997cc347c90bd42407069c5666821bae,true,false
Opmantek/open-audit,code_igniter/application/helpers/snmp_model_helper.php,59353f61e0807c1d66c2ee0c7c209b6733982ce4,true,false
Opmantek/open-audit,code_igniter/application/models/m_ldap_servers.php,96ece1e775abeca6ab05d65ada40a8fbea1fb1e8,true,false
Opmantek/open-audit,code_igniter/application/helpers/mac_model_helper.php,fcead3aee2436509a760e7af339c0ccfaf3628fb,false,true
PHPBoost/PHPBoost,kernel/framework/io/optimization/CSSCacheManager.class.php,10c9d84a9bcb1184cf322c0f3cea931b36dc1e03,true,false
PHPBoost/PHPBoost,guestbook/controllers/GuestbookController.class.php,44011db1cc1d8268d0ea74d6a879aff41462206a,true,false
PHPBoost/PHPBoost,kernel/framework/util/Date.class.php,486e18634276cc6ceb535b47da8d7de200d98ec4,false,true
PHPBoost/PHPBoost,kernel/framework/builder/form/field/constraint/FormFieldConstraintUrl.class.php,70a133466935c004a1d42d19a7bd1c46db3ed686,true,false
PHPBoost/PHPBoost,stats/services/StatsSaver.class.php,91bb666542047bf276abf0ad9be7284048b73018,true,false
PHPBoost/PHPBoost,kernel/framework/io/optimization/CSSFileOptimizer.class.php,9f9dd8c44d6a3da9ff5e227e6a593f02218fd551,true,false
PHPBoost/PHPBoost,guestbook/controllers/GuestbookDeleteController.class.php,a691d607e5ecbf35b6d740069e1a753fba881bb1,true,false
PHPBoost/PHPBoost,online/services/OnlineService.class.php,b6b928c730e65da907ddd03933824b8a7ececb1f,true,false
PHPBoost/PHPBoost,calendar/templates/CalendarAjaxCalendarController.tpl,e08dc48b87d8d79a819c045690444b286f6754aa,false,true
PHPBoost/PHPBoost,stats/templates/stats.css,e08dc48b87d8d79a819c045690444b286f6754aa,false,true
PHPBoost/PHPBoost,templates/__default__/dashboard/dashboard.css,e08dc48b87d8d79a819c045690444b286f6754aa,false,true
PHPBoost/PHPBoost,kernel/framework/phpboost/index/PHPBoostIndexController.class.php,e15da81ff3328a6a663a401fe5b141f9f4b71b83,true,false
PHPBoost/PHPBoost,search/search.php,f6588f579834adeb699b2d72f01f1f57d07391e7,false,true
RSS-Bridge/rss-bridge,bridges/ETTVBridge.php,05c31f49ce0c94240d4c091565728f8c0f4b18fa,true,false
RSS-Bridge/rss-bridge,README.md,2e889556489fa267033fb66a8985f8ee2eb915d1,true,false
RSS-Bridge/rss-bridge,bridges/CdactionBridge.php,2e889556489fa267033fb66a8985f8ee2eb915d1,true,false
RSS-Bridge/rss-bridge,bridges/ReutersBridge.php,3bd4b0d6ab1e03f1849b4c0154558e7c1b70d9e8,true,false
RSS-Bridge/rss-bridge,bridges/TagBoardBridge.php,6211a2cd376fca2aa6dda48db69bfdbb33075b1f,true,false
RSS-Bridge/rss-bridge,lib/ActionFactory.php,6585ebc89bcfbae777a346bda9baeaa3f1c7d4e6,true,false
RSS-Bridge/rss-bridge,bridges/EconomistBridge.php,ac8e94ec56626ffeff07ac10b7587d28f7fdfe22,true,false
RSS-Bridge/rss-bridge,bridges/TheTVDBBridge.php,c30c0200d5b0077303c244af5a91e31b489401a0,true,false
RSS-Bridge/rss-bridge,lib/BridgeCard.php,d41aa84b1342ec8ba352352121755fcd76698613,true,true
RSS-Bridge/rss-bridge,bridges/RainbowSixSiegeBridge.php,d94bb082597299d3cf39003be4e3db998385485f,true,false
Rebilly/rebilly-php,src/Entities/Coupons/Redemption.php,63fb2819b25c870ebc7f82149541b01b41ff8138,true,false
Rebilly/rebilly-php,tests/Entities/Coupons/RedemptionTest.php,63fb2819b25c870ebc7f82149541b01b41ff8138,true,false
Rebilly/rebilly-php,src/Entities/PaymentInstrument.php,e99ebb751ad3afb080b731ed549974136571be6b,true,false
Rebilly/rebilly-php,tests/Api/PaymentInstrumentsTest.php,e99ebb751ad3afb080b731ed549974136571be6b,true,false
SUPLA/supla-cloud,src/SuplaBundle/Enums/ChannelFunctionBits.php,0db4581d19052de614b700e62a069600dd21c726,true,false
SUPLA/supla-cloud,src/SuplaBundle/Tests/Integration/Controller/IODeviceControllerIntegrationTest.php,0db4581d19052de614b700e62a069600dd21c726,true,false
SUPLA/supla-cloud,src/SuplaBundle/Serialization/IODeviceChannelSerializer.php,0f2d93ca32f25372797e4df3f6cf988888589bfa,true,false
SUPLA/supla-cloud,src/SuplaBundle/Controller/Api/UserIconController.php,9216e8f606994e6e3cace450b8d9d4f39715ec5d,true,false
SUPLA/supla-cloud,src/SuplaBundle/Tests/Integration/Controller/ChannelMeasurementLogsControllerIntegrationTest.php,baea1644092513c7904e6ccd6c39f03cfb58df54,true,false
SUPLA/supla-cloud,src/SuplaBundle/Model/MeasurementCsvExporter.php,d36070bb0006f35776dbb25135fead9353d0f9a3,true,false
SUPLA/supla-cloud,src/SuplaBundle/Utils/ColorUtils.php,ddf56eeafa73e096b85071c6debc87b39bb878a0,true,false
Seldaek/monolog,src/Monolog/ErrorHandler.php,16cc886c02048869a5e2eb7c17db9ab4ea5e168d,true,false
Seldaek/monolog,phpstan.neon.dist,e289293a7c172e066c9fabbcd8da8f0d2c7abf91,true,false
SplashSync/Php-Core,Components/CommitsManager.php,c13350e843bd6a781a58c9b48d37c454c02d857f,true,false
Teplitsa/Leyka,templates/leyka-revo/leyka-revo-init.php,7accf4ea34ca79bb76747dd27acc44395b6f45e7,true,false
UniSharp/laravel-filemanager,src/LfmStorageRepository.php,c1ee624a35a1f14503148437500c4a7837cb0c5f,true,false
WBCE/WBCE_CMS,wbce/admin/login/forgot/index.php,c3ac6b2e099052cfa85a1ea96edd09bf68b9efd6,true,false
WoltLab/WCF,wcfsetup/install/files/lib/acp/form/PackageUpdateServerAddForm.class.php,1408e349164f4f7fd3ff516b0e884bd5c8631116,true,false
WoltLab/WCF,wcfsetup/install/files/acp/templates/articleAdd.tpl,1fc12992981ea82997c44c8b9106abf568e2c834,true,false
WoltLab/WCF,com.woltlab.wcf/templates/login.tpl,623d4dfcdbc3ac3dcff346ac1f52f2664b1f48ee,true,false
WoltLab/WCF,wcfsetup/install/files/lib/data/DatabaseObject.class.php,62ee156da4c16fae66a2459f4aec271fd1600b93,false,true
YesWiki/yeswiki,.gitignore,1d2d59b4b1a158b4cafa3580a6a53165eded6951,true,false
YesWiki/yeswiki,tools/attach/libs/vendor/README - to UPDATE pdfjs-dist.md,1d2d59b4b1a158b4cafa3580a6a53165eded6951,true,false
YesWiki/yeswiki,tools/attach/libs/vendor/pdfjs-dist/build/pdf.sandbox.js,1d2d59b4b1a158b4cafa3580a6a53165eded6951,true,false
YesWiki/yeswiki,tools/attach/libs/vendor/pdfjs-dist/build/pdf.sandbox.js.map,1d2d59b4b1a158b4cafa3580a6a53165eded6951,true,false
YesWiki/yeswiki,tools/attach/libs/vendor/pdfjs-dist/web/compressed.tracemonkey-pldi-09.pdf,1d2d59b4b1a158b4cafa3580a6a53165eded6951,true,false
YesWiki/yeswiki,tools/attach/libs/vendor/pdfjs-dist/web/images/findbarButton-next.svg,1d2d59b4b1a158b4cafa3580a6a53165eded6951,true,false
YesWiki/yeswiki,tools/attach/libs/vendor/pdfjs-dist/web/images/findbarButton-previous.svg,1d2d59b4b1a158b4cafa3580a6a53165eded6951,true,false
YesWiki/yeswiki,tools/attach/libs/vendor/pdfjs-dist/web/images/loading-dark.svg,1d2d59b4b1a158b4cafa3580a6a53165eded6951,true,false
YesWiki/yeswiki,tools/attach/libs/vendor/pdfjs-dist/web/images/loading.svg,1d2d59b4b1a158b4cafa3580a6a53165eded6951,true,false
YesWiki/yeswiki,tools/attach/libs/vendor/pdfjs-dist/web/images/secondaryToolbarButton-documentProperties.svg,1d2d59b4b1a158b4cafa3580a6a53165eded6951,true,false
YesWiki/yeswiki,tools/attach/libs/vendor/pdfjs-dist/web/images/secondaryToolbarButton-firstPage.svg,1d2d59b4b1a158b4cafa3580a6a53165eded6951,true,false
YesWiki/yeswiki,tools/attach/libs/vendor/pdfjs-dist/web/images/secondaryToolbarButton-handTool.svg,1d2d59b4b1a158b4cafa3580a6a53165eded6951,true,false
YesWiki/yeswiki,tools/attach/libs/vendor/pdfjs-dist/web/images/secondaryToolbarButton-lastPage.svg,1d2d59b4b1a158b4cafa3580a6a53165eded6951,true,false
YesWiki/yeswiki,tools/attach/libs/vendor/pdfjs-dist/web/images/secondaryToolbarButton-rotateCcw.svg,1d2d59b4b1a158b4cafa3580a6a53165eded6951,true,false
YesWiki/yeswiki,tools/attach/libs/vendor/pdfjs-dist/web/images/secondaryToolbarButton-rotateCw.svg,1d2d59b4b1a158b4cafa3580a6a53165eded6951,true,false
YesWiki/yeswiki,tools/attach/libs/vendor/pdfjs-dist/web/images/secondaryToolbarButton-scrollHorizontal.svg,1d2d59b4b1a158b4cafa3580a6a53165eded6951,true,false
YesWiki/yeswiki,tools/attach/libs/vendor/pdfjs-dist/web/images/secondaryToolbarButton-scrollPage.svg,1d2d59b4b1a158b4cafa3580a6a53165eded6951,true,false
YesWiki/yeswiki,tools/attach/libs/vendor/pdfjs-dist/web/images/secondaryToolbarButton-scrollVertical.svg,1d2d59b4b1a158b4cafa3580a6a53165eded6951,true,false
YesWiki/yeswiki,tools/attach/libs/vendor/pdfjs-dist/web/images/secondaryToolbarButton-scrollWrapped.svg,1d2d59b4b1a158b4cafa3580a6a53165eded6951,true,false
YesWiki/yeswiki,tools/attach/libs/vendor/pdfjs-dist/web/images/secondaryToolbarButton-selectTool.svg,1d2d59b4b1a158b4cafa3580a6a53165eded6951,true,false
YesWiki/yeswiki,tools/attach/libs/vendor/pdfjs-dist/web/images/secondaryToolbarButton-spreadEven.svg,1d2d59b4b1a158b4cafa3580a6a53165eded6951,true,false
YesWiki/yeswiki,tools/attach/libs/vendor/pdfjs-dist/web/images/secondaryToolbarButton-spreadNone.svg,1d2d59b4b1a158b4cafa3580a6a53165eded6951,true,false
YesWiki/yeswiki,tools/attach/libs/vendor/pdfjs-dist/web/images/secondaryToolbarButton-spreadOdd.svg,1d2d59b4b1a158b4cafa3580a6a53165eded6951,true,false
YesWiki/yeswiki,tools/attach/libs/vendor/pdfjs-dist/web/images/toolbarButton-bookmark.svg,1d2d59b4b1a158b4cafa3580a6a53165eded6951,true,false
YesWiki/yeswiki,tools/attach/libs/vendor/pdfjs-dist/web/images/toolbarButton-currentOutlineItem.svg,1d2d59b4b1a158b4cafa3580a6a53165eded6951,true,false
YesWiki/yeswiki,tools/attach/libs/vendor/pdfjs-dist/web/images/toolbarButton-download.svg,1d2d59b4b1a158b4cafa3580a6a53165eded6951,true,false
YesWiki/yeswiki,tools/attach/libs/vendor/pdfjs-dist/web/images/toolbarButton-menuArrow.svg,1d2d59b4b1a158b4cafa3580a6a53165eded6951,true,false
YesWiki/yeswiki,tools/attach/libs/vendor/pdfjs-dist/web/images/toolbarButton-openFile.svg,1d2d59b4b1a158b4cafa3580a6a53165eded6951,true,false
YesWiki/yeswiki,tools/attach/libs/vendor/pdfjs-dist/web/images/toolbarButton-pageDown.svg,1d2d59b4b1a158b4cafa3580a6a53165eded6951,true,false
YesWiki/yeswiki,tools/attach/libs/vendor/pdfjs-dist/web/images/toolbarButton-pageUp.svg,1d2d59b4b1a158b4cafa3580a6a53165eded6951,true,false
YesWiki/yeswiki,tools/attach/libs/vendor/pdfjs-dist/web/images/toolbarButton-presentationMode.svg,1d2d59b4b1a158b4cafa3580a6a53165eded6951,true,false
YesWiki/yeswiki,tools/attach/libs/vendor/pdfjs-dist/web/images/toolbarButton-print.svg,1d2d59b4b1a158b4cafa3580a6a53165eded6951,true,false
YesWiki/yeswiki,tools/attach/libs/vendor/pdfjs-dist/web/images/toolbarButton-search.svg,1d2d59b4b1a158b4cafa3580a6a53165eded6951,true,false
YesWiki/yeswiki,tools/attach/libs/vendor/pdfjs-dist/web/images/toolbarButton-secondaryToolbarToggle.svg,1d2d59b4b1a158b4cafa3580a6a53165eded6951,true,false
YesWiki/yeswiki,tools/attach/libs/vendor/pdfjs-dist/web/images/toolbarButton-sidebarToggle.svg,1d2d59b4b1a158b4cafa3580a6a53165eded6951,true,false
YesWiki/yeswiki,tools/attach/libs/vendor/pdfjs-dist/web/images/toolbarButton-viewAttachments.svg,1d2d59b4b1a158b4cafa3580a6a53165eded6951,true,false
YesWiki/yeswiki,tools/attach/libs/vendor/pdfjs-dist/web/images/toolbarButton-viewLayers.svg,1d2d59b4b1a158b4cafa3580a6a53165eded6951,true,false
YesWiki/yeswiki,tools/attach/libs/vendor/pdfjs-dist/web/images/toolbarButton-viewOutline.svg,1d2d59b4b1a158b4cafa3580a6a53165eded6951,true,false
YesWiki/yeswiki,tools/attach/libs/vendor/pdfjs-dist/web/images/toolbarButton-viewThumbnail.svg,1d2d59b4b1a158b4cafa3580a6a53165eded6951,true,false
YesWiki/yeswiki,tools/attach/libs/vendor/pdfjs-dist/web/images/toolbarButton-zoomIn.svg,1d2d59b4b1a158b4cafa3580a6a53165eded6951,true,false
YesWiki/yeswiki,tools/attach/libs/vendor/pdfjs-dist/web/images/toolbarButton-zoomOut.svg,1d2d59b4b1a158b4cafa3580a6a53165eded6951,true,false
YesWiki/yeswiki,tools/attach/libs/vendor/pdfjs-dist/web/images/treeitem-collapsed.svg,1d2d59b4b1a158b4cafa3580a6a53165eded6951,true,false
YesWiki/yeswiki,tools/attach/libs/vendor/pdfjs-dist/web/images/treeitem-expanded.svg,1d2d59b4b1a158b4cafa3580a6a53165eded6951,true,false
YesWiki/yeswiki,tools/attach/libs/vendor/pdfjs-dist/web/locale/ckb/viewer.properties,1d2d59b4b1a158b4cafa3580a6a53165eded6951,true,false
YesWiki/yeswiki,tools/attach/libs/vendor/pdfjs-dist/web/locale/hye/viewer.properties,1d2d59b4b1a158b4cafa3580a6a53165eded6951,true,false
YesWiki/yeswiki,tools/attach/libs/vendor/pdfjs-dist/web/locale/meh/viewer.properties,1d2d59b4b1a158b4cafa3580a6a53165eded6951,true,false
YesWiki/yeswiki,tools/attach/libs/vendor/pdfjs-dist/web/locale/sat/viewer.properties,1d2d59b4b1a158b4cafa3580a6a53165eded6951,true,false
YesWiki/yeswiki,tools/attach/libs/vendor/pdfjs-dist/web/locale/sc/viewer.properties,1d2d59b4b1a158b4cafa3580a6a53165eded6951,true,false
YesWiki/yeswiki,tools/attach/libs/vendor/pdfjs-dist/web/locale/sco/viewer.properties,1d2d59b4b1a158b4cafa3580a6a53165eded6951,true,false
YesWiki/yeswiki,tools/attach/libs/vendor/pdfjs-dist/web/locale/szl/viewer.properties,1d2d59b4b1a158b4cafa3580a6a53165eded6951,true,false
YesWiki/yeswiki,tools/attach/libs/vendor/pdfjs-dist/web/locale/tg/viewer.properties,1d2d59b4b1a158b4cafa3580a6a53165eded6951,true,false
YesWiki/yeswiki,tools/attach/libs/vendor/pdfjs-dist/web/standard_fonts/FoxitDingbats.pfb,1d2d59b4b1a158b4cafa3580a6a53165eded6951,true,false
YesWiki/yeswiki,tools/attach/libs/vendor/pdfjs-dist/web/standard_fonts/FoxitFixed.pfb,1d2d59b4b1a158b4cafa3580a6a53165eded6951,true,false
YesWiki/yeswiki,tools/attach/libs/vendor/pdfjs-dist/web/standard_fonts/FoxitFixedBold.pfb,1d2d59b4b1a158b4cafa3580a6a53165eded6951,true,false
YesWiki/yeswiki,tools/attach/libs/vendor/pdfjs-dist/web/standard_fonts/FoxitFixedBoldItalic.pfb,1d2d59b4b1a158b4cafa3580a6a53165eded6951,true,false
YesWiki/yeswiki,tools/attach/libs/vendor/pdfjs-dist/web/standard_fonts/FoxitFixedItalic.pfb,1d2d59b4b1a158b4cafa3580a6a53165eded6951,true,false
YesWiki/yeswiki,tools/attach/libs/vendor/pdfjs-dist/web/standard_fonts/FoxitSans.pfb,1d2d59b4b1a158b4cafa3580a6a53165eded6951,true,false
YesWiki/yeswiki,tools/attach/libs/vendor/pdfjs-dist/web/standard_fonts/FoxitSansBold.pfb,1d2d59b4b1a158b4cafa3580a6a53165eded6951,true,false
YesWiki/yeswiki,tools/attach/libs/vendor/pdfjs-dist/web/standard_fonts/FoxitSansBoldItalic.pfb,1d2d59b4b1a158b4cafa3580a6a53165eded6951,true,false
YesWiki/yeswiki,tools/attach/libs/vendor/pdfjs-dist/web/standard_fonts/FoxitSansItalic.pfb,1d2d59b4b1a158b4cafa3580a6a53165eded6951,true,false
YesWiki/yeswiki,tools/attach/libs/vendor/pdfjs-dist/web/standard_fonts/FoxitSerif.pfb,1d2d59b4b1a158b4cafa3580a6a53165eded6951,true,false
YesWiki/yeswiki,tools/attach/libs/vendor/pdfjs-dist/web/standard_fonts/FoxitSerifBold.pfb,1d2d59b4b1a158b4cafa3580a6a53165eded6951,true,false
YesWiki/yeswiki,tools/attach/libs/vendor/pdfjs-dist/web/standard_fonts/FoxitSerifBoldItalic.pfb,1d2d59b4b1a158b4cafa3580a6a53165eded6951,true,false
YesWiki/yeswiki,tools/attach/libs/vendor/pdfjs-dist/web/standard_fonts/FoxitSerifItalic.pfb,1d2d59b4b1a158b4cafa3580a6a53165eded6951,true,false
YesWiki/yeswiki,tools/attach/libs/vendor/pdfjs-dist/web/standard_fonts/FoxitSymbol.pfb,1d2d59b4b1a158b4cafa3580a6a53165eded6951,true,false
YesWiki/yeswiki,tools/attach/libs/vendor/pdfjs-dist/web/standard_fonts/LICENSE_FOXIT,1d2d59b4b1a158b4cafa3580a6a53165eded6951,true,false
YesWiki/yeswiki,tools/attach/libs/vendor/pdfjs-dist/web/standard_fonts/LICENSE_LIBERATION,1d2d59b4b1a158b4cafa3580a6a53165eded6951,true,false
YesWiki/yeswiki,tools/attach/libs/vendor/pdfjs-dist/web/standard_fonts/LiberationSans-Bold.ttf,1d2d59b4b1a158b4cafa3580a6a53165eded6951,true,false
YesWiki/yeswiki,tools/attach/libs/vendor/pdfjs-dist/web/standard_fonts/LiberationSans-BoldItalic.ttf,1d2d59b4b1a158b4cafa3580a6a53165eded6951,true,false
YesWiki/yeswiki,tools/attach/libs/vendor/pdfjs-dist/web/standard_fonts/LiberationSans-Italic.ttf,1d2d59b4b1a158b4cafa3580a6a53165eded6951,true,false
YesWiki/yeswiki,tools/attach/libs/vendor/pdfjs-dist/web/standard_fonts/LiberationSans-Regular.ttf,1d2d59b4b1a158b4cafa3580a6a53165eded6951,true,false
YesWiki/yeswiki,tools/bazar/fields/CheckboxField.php,3eaba33ece3e66a2235bea1cf75637b19d95884e,true,false
YesWiki/yeswiki,tools/bazar/fields/BazarField.php,4a1d4ee8f9d76b9d48f813f6345ddc2ef18a7089,true,false
YesWiki/yeswiki,tools/bazar/fields/UserField.php,aa7fea2a0bdc8634a8dc983dd5029187ae66d75c,true,false
YesWiki/yeswiki,tools/bazar/presentation/javascripts/bazar-list-dynamic.js,b24f9cfcdb354eda247773d3ea654cbefe5532e8,true,false
YesWiki/yeswiki,tools/bazar/services/FieldFactory.php,cbcc924236e32a6474dae3f29f79c200a805721b,true,false
YesWiki/yeswiki,javascripts/yeswiki-base.js,e144782093e96a613a6b3a405711e98158831ac1,true,false
acquia/blt,settings/default.local.settings.php,24f448898ca9bc621059e7c21153823402b0c715,false,true
aimeos/aimeos,config/shop.php,b9cb97575a57cb24d3da26df4bf26d75ac1f2ef7,false,true
aimeos/aimeos-laravel,src/default.php,b99018b786df83522daeca6d327f9074d73c0751,false,true
akaunting/akaunting,app/View/Components/Transactions/Show/RecurringMessage.php,24c6de398beb2616513580a27a2a626b0129d22b,true,false
akaunting/akaunting,resources/lang/en-GB/modules.php,6b10f5a20017faa49bf482bd193e83b3821bf81f,true,false
akrherz/iem,htdocs/DCP/plot.php,9c1fc27e324b41cd433359c30e7eeaa3c6a47248,true,false
akrherz/iem,scripts/ingestors/madis/extract_hfmetar.py,d1231b33feaca725824bf04052576c5db6accf05,true,false
akrherz/iem,scripts/swat/swat_realtime.py,f3514a63e2248df35879d3c47b2c17973d60ced3,false,true
alexdebril/feed-io,src/FeedIo/Rule/Media.php,c14930492d36cb8501f4445752b9d8caf3e6eeff,true,false
alextselegidis/easyappointments,assets/js/backend_calendar_table_view.js,1bc02e11c07d7f1a6edf4f0d450df0063b531457,true,false
auth0/laravel-auth0,src/Facade/Auth0.php,6e85643ad05627f3ba9e29b7683190736c3b55fb,true,false
aws/aws-sdk-php,features/s3/bucketKey.feature,2b26ad0b20b9407ea9d9a14a56d5bc1d79f06ad2,true,false
aws/aws-sdk-php,src/Api/Serializer/RestSerializer.php,2b26ad0b20b9407ea9d9a14a56d5bc1d79f06ad2,true,false
aws/aws-sdk-php,tests/Api/Serializer/RestJsonSerializerTest.php,2b26ad0b20b9407ea9d9a14a56d5bc1d79f06ad2,true,false
aws/aws-sdk-php,tests/Api/Serializer/RestXmlSerializerTest.php,2b26ad0b20b9407ea9d9a14a56d5bc1d79f06ad2,true,false
aws/aws-sdk-php,tests/Integ/S3Context.php,2b26ad0b20b9407ea9d9a14a56d5bc1d79f06ad2,true,false
aws/aws-sdk-php,src/Endpoint/Partition.php,45f9395242e0ce7174d504453340e3b3d623bb26,true,false
aws/aws-sdk-php,tests/Endpoint/PartitionTest.php,45f9395242e0ce7174d504453340e3b3d623bb26,true,false
aws/aws-sdk-php,src/PhpHash.php,7cc4e9ecbc967083d0214cc4506a1c2821598b4b,true,true
aws/aws-sdk-php,src/S3/StreamWrapper.php,fbb71b729b177a65473f9d2c240ccdbe9ecc4fdf,true,true
aws/aws-sdk-php,tests/S3/StreamWrapperTest.php,fbb71b729b177a65473f9d2c240ccdbe9ecc4fdf,true,true
aws/aws-sdk-php,src/Handler/GuzzleV6/GuzzleHandler.php,fc7eb0ca0ac72ea967175f93016eb81d5d087ace,true,false
aws/aws-sdk-php,tests/Handler/GuzzleV6/HandlerTest.php,fc7eb0ca0ac72ea967175f93016eb81d5d087ace,true,false
barryvdh/laravel-debugbar,src/LaravelDebugbar.php,b96f9820aaf1ff9afe945207883149e1c7afb298,true,false
barryvdh/laravel-debugbar,src/DataCollector/QueryCollector.php,bafb3903c0ab8590b192e256ca564f0846b689e0,true,false
batyuvitez/manduca,manduca/template-parts/posts/content-meta.php,e7382900de5ee29581358e708a995a51f092fa3d,true,false
bcit-ci/CodeIgniter4,system/Validation/Validation.php,827c360a107f4ec7977b9e8f799edb1b50d99685,true,false
bcit-ci/CodeIgniter4,tests/system/Validation/StrictRules/ValidationTest.php,827c360a107f4ec7977b9e8f799edb1b50d99685,true,false
bcit-ci/CodeIgniter4,tests/system/Validation/ValidationTest.php,827c360a107f4ec7977b9e8f799edb1b50d99685,true,false
bearcms/bearframework-addon,classes/BearCMS/Internal/ServerCommands.php,5518c167dbf35cc14b3cc8d46a65047025e72a06,false,true
bobbingwide/oik,libs/oik_plugins.php,873253f6c884ec966231ca7a26356f955b965dc7,true,false
bobbingwide/oik,libs/oik-blocks.php,c2e0139f47b32a62b9b8e2f606189f6e6b022d16,false,true
bobthecow/psysh,src/Configuration.php,89391f803bdb5f649adddf20ada4b5bd6af55e47,true,true
briannesbitt/Carbon,src/Carbon/Traits/Difference.php,cc324085cec16beb7852ca86daf0188907bbcc27,true,false
cakephp/cakephp,src/Console/Exception/MissingOptionException.php,bfd36e67a0bf08c8da2b10fa261a2b71ecbb48f2,true,false
cakephp/cakephp,tests/TestCase/Console/CommandRunnerTest.php,bfd36e67a0bf08c8da2b10fa261a2b71ecbb48f2,true,false
camdram/camdram,templates/static/user-guidelines.html.twig,057f010d0fef47ccfd0a23ea2d9daae8f6fd7b84,true,false
camdram/camdram,templates/person/show.html.twig,bb380e16c3b46407c0a07ea243280604f76e7aa3,true,false
centreon/centreon,www/front_src/src/Resources/Graph/Performance/ExportableGraphWithTimeline/index.tsx,0fda153227578a930e0833dd7ecb86820e1a21d9,true,false
centreon/centreon,www/install/php/Update-21.10.4.php,217a7595648caa7b3e0e5a5cafab7deba8977365,true,true
centreon/centreon,src/Centreon/Domain/Monitoring/CommandLineTrait.php,36080b9a0044503620d167268f5de1fcc3597ef6,true,false
centreon/centreon,www/api/class/centreon_configuration_objects.class.php,44ab84e3a3c23218956f0836762a8d788da8acd4,true,false
centreon/centreon,www/include/configuration/configResources/DB-Func.php,4fe1b3cbed0256d978d7b57b9dbd3063f956dc97,true,false
centreon/centreon,www/class/centreonMedia.class.php,54fae41035788990a089af01347f0130a41e8c2e,true,false
centreon/centreon,www/include/configuration/configKnowledge/functions.php,8ae28a04395dac63473c2f19920112d5f739d97b,true,true
centreon/centreon,www/include/views/componentTemplates/componentTemplates.php,a6662fd34b280d608e3e171ed5bdf8fac1902ea1,true,false
centreon/centreon,www/class/centreonGraph.class.php,b1bfa5395cf1e638dbf58dffaaac38396b22fdb1,true,false
centreon/centreon,www/include/reporting/dashboard/initReport.php,b1cd07a059aa8a245e03386ea9009e07889e9bf3,true,false
centreon/centreon,src/Centreon/Infrastructure/Monitoring/MonitoringRepositoryRDB.php,c71a4f7ff321369795610ecebe742d5728aee9ae,true,false
centreon/centreon,www/include/monitoring/objectDetails/serviceDetails.php,dc245ecc7a975eb237198760bc0f2dceff4da3b9,true,false
centreon/centreon,www/class/config-generate/host.class.php,eb3969d2fb2474c6f679ff3bf6c9e5ba59a5f3ed,true,false
centreon/centreon,features/bootstrap/CustomViewsContext.php,f20899d9d1579b68f676bce8eee3b4dcaf58617a,true,false
centreon/centreon,www/front_src/public/index.html,f68d793b880e44cb0eb7e530b45eee20c32c4331,true,false
chesio/bc-security,classes/BlueChip/Security/Modules/Checklist/Checks/DirectoryListingDisabled.php,2a1330cb3dac03699d1e862cb2c8ea19b2e52d8c,true,false
christianwach/civicrm-event-organiser,includes/civicrm-event-organiser-admin.php,e8a5449fe2923415ed4c0945fd3f71cb5096244d,true,false
christianwach/civicrm-wp-profile-sync,includes/mapper/cwps-mapper-hooks.php,aa62775e175148ce2a09980819b8b1bc26a36ce4,true,false
collectiveaccess/pawtucket2,app/lib/Plugins/Media/Imagick.php,49ff669278ca4abf00ee8d0cc2c9f4cda75bbd3d,true,false
collectiveaccess/pawtucket2,viewers/apps/tilepic.php,73cfbd82eb774b521308e748b2650288e4bdd4c2,true,false
collectiveaccess/providence,app/helpers/logHelpers.php,63a0dd14c948b051f26cfcad30fb65ad5398a08e,true,true
commsy/commsy,legacy/etc/messages/ms_DATE_de.dat,2f642bd1178c089062f7eb13bbefe13d62df2342,true,false
commsy/commsy,legacy/etc/messages/ms_DATE_en.dat,2f642bd1178c089062f7eb13bbefe13d62df2342,true,false
commsy/commsy,translations/date.de.xlf,2f642bd1178c089062f7eb13bbefe13d62df2342,true,false
commsy/commsy,translations/date.en.xlf,2f642bd1178c089062f7eb13bbefe13d62df2342,true,false
commsy/commsy,src/Security/UserProvider.php,4afa981b1bf214abe4e5f9dfbbd2a4a50e42f496,true,false
commsy/commsy,src/EventSubscriber/LoginSubscriber.php,b1dfb720248f7a71a18eb90418ad017540f7a9d2,true,false
composer/packagist,config/packages/sensio_framework_extra.yaml,31d0b089ded09f556e1a97a24b51aba44c319d03,false,true
composer/packagist,src/Model/RedisAdapter.php,5f0ef12c1548df71fc9a16f974ba4f164ec8f191,true,false
composer/packagist,src/Entity/VendorRepository.php,d3f97c02ca74e16c951cad9d9107402e8531fbdc,true,false
comptoirdesappli/amapress,utils/export-users-to-csv.php,cf3dd2b1faff3f0ee34dac92576d1f80700a67bf,true,false
concrete5-community-store/community_store,src/CommunityStore/Cart/Cart.php,6ea24f5e4572c9114e9a65cb04fc83b9617a2cdc,true,false
concrete5-community-store/community_store,src/CommunityStore/Utilities/Installer.php,ff39cd3aea92cb1168298ceb43c3380cce5c7623,true,false
daverodal/wargaming,Wargame/AreaBorderGameRules.php,bae6ec90fdfbd626c1aaa3654545940928237577,true,false
daverodal/wargaming,Wargame/TMCW/Airborne/airborne.js,c68581e3647dcdc9ed7b21dfea9c1a4e98b45872,true,false
deployphp/deployer,docs/contrib/php-fpm.md,2fb0129a981edce4a0064efe4688a7e987fb3e74,true,false
deployphp/deployer,tests/joy/HostDefaultConfigTest.php,5082861bb969e2bda99fe6df493031c91267fe48,true,false
deployphp/deployer,docs/recipe/contao.md,7732d7ecb439a97a5bfa231068074c6620b3b973,true,false
deployphp/deployer,recipe/contao.php,7732d7ecb439a97a5bfa231068074c6620b3b973,true,false
deployphp/deployer,tests/src/Importer/ImporterTest.php,810ff98e318ee5f32606fe9024db45b126e51f6e,true,true
deployphp/deployer,recipe/deploy/vendors.php,fdb18d0a8e5fc640f81bf10b2160a4f4782823c3,true,false
dereuromark/cakephp-queue,src/Controller/Admin/QueuedJobsController.php,0217ce608655ee70612507b9d48af75fc7f05e64,true,false
devcode-it/openstamanager,modules/interventi/ajax/search.php,1aa2adbe02bb42dc9e1e7f83c929997a9cdf97f2,true,false
devcode-it/openstamanager,plugins/referenti/actions.php,c06e8f725ecb1f9543d1ee7fb4be61c2846f619b,true,false
devcode-it/openstamanager,modules/interventi/row-list.php,d3b42eacfce3dd650b8cc8cd878901ba1953ccc9,true,false
dimaninc/di_core,php/lib/diLib.php,75cc3cd361cd67a49dded5f508e1c745bc9e4031,true,false
dimaninc/di_core,php/src/diCore/Helper/Slug.php,ad0d8ab4fd8b5099e7dac30ff633a69adecef435,true,false
dompdf/dompdf,src/FrameReflower/Table.php,a98f1bce15d47796cf98de68fae8cd7420c8cac2,true,false
dompdf/dompdf,src/FrameReflower/Inline.php,e34e48afc5bd5e63db0cf0abb38d32f535971b51,true,false
dotmailer/dotmailer-magento2-extension,Model/Sync/Integration/IntegrationInsightData.php,2e2bf9acab9560b68ecd8fa2da63823e44fc17c7,true,false
dotmailer/dotmailer-magento2-extension,Test/Unit/Model/IntegrationInsightDataUnitTest.php,2e2bf9acab9560b68ecd8fa2da63823e44fc17c7,true,false
dotmailer/dotmailer-magento2-extension,Model/AbandonedCart/CartInsight/Data.php,8eb25c91df1bc39e0aa39341455ca8d84ca4b243,true,false
dotmailer/dotmailer-magento2-extension,Model/Customer/Wishlist/Item.php,bce9720c05ab5cc9acf70ae511e80997aaf2a2cc,true,false
drupal-code-builder/drupal-code-builder,Test/Unit/ComponentInfo8Test.php,380ca748ae01815782bf19712289e9d0cff24572,true,false
drupal-code-builder/drupal-code-builder,Generator/PluginAnnotationDiscovery.php,46200867aed2355701e05cee3a5a844cd7a5abf0,true,false
drupal-code-builder/drupal-code-builder,Generator/LibraryJSAsset.php,8fbefe32ad728b66064edea950aed10701ffe3f7,true,false
drupal-code-builder/drupal-code-builder,Test/Unit/ComponentCssLibrary8Test.php,8fbefe32ad728b66064edea950aed10701ffe3f7,true,false
drupal-code-builder/drupal-code-builder,Test/Unit/ComponentContentEntityType8Test.php,f91999075abb037ffcb31515be4fc44e4033c96b,true,true
duracelltomi/gtm4wp,js/gtm4wp-woocommerce-enhanced.js,9b5344ab459813cf4a7b49a2533a199051919772,true,false
e107inc/vstore,vstore.class.php,67c2b9358dd631e8df218326ec302d01282bf2fe,true,false
e107inc/vstore,e_sitelink.php,c55546528c4bafab01a732e27e3241b9318f6d71,true,false
eeemarv/eland,templates/news/include/news_item.html.twig,78953ac4801081f4641a96d2dd387a9d7e1922cd,true,false
elmsln/elmsln,core/webcomponents/services/LRNAppOpenStudioCommentService.php,17d8aab2ef365bb0272810cd08e2c1d99d67d65a,true,false
emundus/v6,plugins/fabrik_form/emunduszoommeeting/api_templates/onAfterProcess.json,37afb558fd7d6b4d9f4e632ca1bfc5006d4b16bc,true,false
engelsystem/engelsystem,includes/pages/admin_shifts.php,fb573fd1d9617d426fca9431e6e796b2fb51d1b7,false,true
enhavo/enhavo,src/Enhavo/Bundle/ThemeBundle/EventListener/ThemeRegisterSubscriber.php,2f36b366715a6c1ad5692f16043524c1311c6554,true,false
espocrm/espocrm,client/res/templates/fields/base/edit.tpl,5784c79f9ff579e5c7e3c6670625ba689938727b,true,false
esprange/kleistad,includes/class-recepttermen.php,11e1c8f6c3d02fca29b0d1b6a0c28fe0e99b8aa6,false,true
ezsystems/ezpublish-kernel,eZ/Publish/API/Repository/Tests/BaseTest.php,41c9b05a888a5c01d1d5023c518961a4542f643b,true,true
ezsystems/ezpublish-kernel,eZ/Publish/API/Repository/Tests/Values/User/Limitation/ObjectStateLimitationTest.php,41c9b05a888a5c01d1d5023c518961a4542f643b,true,true
ezsystems/ezpublish-kernel,eZ/Publish/Core/Limitation/ObjectStateLimitationType.php,41c9b05a888a5c01d1d5023c518961a4542f643b,true,true
fabiomattei/uglyduckling,src/Common/Json/Parameters/Dashboard/DashboardParameterGetter.php,a1165bfe90fbd7e03dfdfbd59ea6826b8d0fd4db,true,false
flarum/tags,js/src/forum/addTagFilter.js,73e3a82302a307eb58bb9c33bfae0f59a11cf17b,true,false
flarum/tags,extend.php,a0928e7e4657d1af781b873f9e952b15eac1d2ad,true,false
foodcoopshop/foodcoopshop,src/Model/Table/CategoriesTable.php,5fa6baf3c9bc95cef4585bb60c05524cc3201681,true,false
foodcoopshop/foodcoopshop,plugins/Admin/templates/Taxes/edit.php,a2dbb8b362a502a10e349513a6079834113f675a,true,false
geoff-maddock/events-tracker,resources/views/events/crumbs.blade.php,7f9da7e8060a24d20559e9b67128623bd27ad21d,true,false
geoff-maddock/events-tracker,resources/assets/js/utilities/visibility.js,d82473e7aa576a28a13fa9bf5967747f7864c4b3,false,true
glpi-project/glpi,inc/commonitilobject.class.php,03f230f02bd2fd6adba25309d1792876bfe0c9d6,false,true
glpi-project/glpi,src/Console/Migration/TimestampsCommand.php,03f329bfaf0f7dc882ba693915e6bcd7b64babff,true,false
glpi-project/glpi,src/Console/Database/UpdateCommand.php,07d41a20f44da1dfaaa3e7edfea4fd58275e5e93,true,false
glpi-project/glpi,ajax/cable.php,081e8a346759e405aa659c418e871c9aced86862,true,false
glpi-project/glpi,tests/functionnal/Update.php,0e87306bba2c2cf687e91671477935bea261e32d,false,true
glpi-project/glpi,tests/functionnal/Location.php,12d52475f9f3e2f7aa9f2259dffd12d94e19292c,true,false
glpi-project/glpi,templates/components/itilobject/add_items.html.twig,1614d512c43d3d38c2b8fa59b62f66e5ea2add4b,true,false
glpi-project/glpi,src/Item_Kanban.php,1e37ea8967e7089f9ee0e9124b2345399885378c,true,false
glpi-project/glpi,front/knowbaseitem.php,21d42641a8bd70e14cb91b251aacceb696e2cd6e,true,false
glpi-project/glpi,install/migrations/update_9.5.x_to_10.0.0/domains.php,272059db400adb7332728880a474c3017296895b,true,false
glpi-project/glpi,src/Project.php,3885fe85b90eec72a01ce371fafcfa76784556b3,true,false
glpi-project/glpi,js/common.js,40a7a2b1b5c1d3af39fef5c53eed01437f1d0a02,true,false
glpi-project/glpi,templates/components/itilobject/fields_panel.html.twig,5177b0036913f1e1aba424ae6e23777fbe60f1f0,true,false
glpi-project/glpi,front/knowbaseitem.form.php,5dd430c35d94234a603e99b2cb9082c6387178a7,true,false
glpi-project/glpi,tests/emails-tests/30-subject-with-special-char.eml,5ef81c3563ac67d1f32b5474aaa244e8e4b7ac92,true,false
glpi-project/glpi,src/Plugin/HookManager.php,62e6c8f8fa3c8ff566765b84679faae8a6288d1b,true,false
glpi-project/glpi,src/KnowbaseItem_Item.php,6a97b29f5675c35eabab7b8fc3cf9b63be08bf74,true,false
glpi-project/glpi,inc/ticket.class.php,6ee6fdf2257874fb8e1dce7f61ee523f1252180b,true,false
glpi-project/glpi,front/tracking.injector.php,71b9d3cc7d30028d5ba839ecbbacbb9cc4fb6a17,true,false
glpi-project/glpi,ajax/central.php,73c3195c3a0616f369b7ff5596bd87c5beecd0f6,true,false
glpi-project/glpi,src/Dashboard/Widget.php,74dbfea185c8b8364ca0c1051c5bcd0abfae06e9,true,false
glpi-project/glpi,tools/locale/extract_template.sh,7c2b9e3058b6230e6a351ab7220f80806117d79b,false,true
glpi-project/glpi,templates/components/itilobject/timeline/simple_form.html.twig,7d00375e0b689d6fcdae46f0b29b5e9897e729a4,true,false
glpi-project/glpi,templates/pages/management/contract.html.twig,809b7bd26b9f34f21dd1d043cf01bd5f4249a779,true,false
glpi-project/glpi,src/Group.php,8a31594ee04ba43099ab0ab04afc64be5cc333cf,true,false
glpi-project/glpi,inc/api/api.class.php,9674e615f6f6dd3433653003ea166fcf63098480,true,false
glpi-project/glpi,install/migrations/update_9.5.x_to_10.0.0/dashboard_filters.php,a1bfe8de838769f1be744786298948cbcfdc4b06,true,false
glpi-project/glpi,js/log_filters.js,a3ecbf0d717d23b22365ced47e1b5f11979b33c3,true,false
glpi-project/glpi,inc/notificationtargetcommonitilobject.class.php,a870e558c42e42b3cb7d776854b001e2deb77863,true,false
glpi-project/glpi,fonts/Inter-Variable/Inter-VariableFont.ttf,a946e1b591858e5367bed748c89760ba85dd8dbb,true,false
glpi-project/glpi,fonts/Inter-Variable/OFL.txt,a946e1b591858e5367bed748c89760ba85dd8dbb,true,false
glpi-project/glpi,inc/domain.class.php,b33202a2ff2940e3d7cbea4b093b09448ac08b99,true,false
glpi-project/glpi,inc/itilcategory.class.php,be0c24bfb75d081a688db4eaff053175542bba5e,true,false
glpi-project/glpi,tests/functionnal/Config.php,c2a3f2c05e7eee62739dd5fd9e00dca648ef4731,true,false
glpi-project/glpi,tests/functionnal/Glpi/ContentTemplates/Parameters/ChangeParameters.php,dc68e403d50d14112a1ad4998a46065d4c20ba75,true,false
glpi-project/glpi,tests/functionnal/Glpi/ContentTemplates/Parameters/ProblemParameters.php,dc68e403d50d14112a1ad4998a46065d4c20ba75,true,false
glpi-project/glpi,templates/components/form/header.html.twig,de439d6ace0fdc292ddae3952d19b7461aa4a7fe,true,false
glpi-project/glpi,ajax/timeline.php,e68d6e4d9c5880c1743a6628b4e370151361ffe1,true,false
glpi-project/glpi,templates/pages/assets/socket.html.twig,ec2e82ea776da0d101759d3adc1d2a08521c884a,true,true
googleapis/gapic-generator-php,src/Generation/EnumConstantGenerator.php,942623d7e5af4927b4b6d0f1c32a6cf889e85212,true,false
googleapis/gapic-generator-php,tests/Unit/ProtoTests/BasicDiregapic/library_rest.proto,942623d7e5af4927b4b6d0f1c32a6cf889e85212,true,false
googleapis/gapic-generator-php,tests/Unit/ProtoTests/BasicDiregapic/out/src/Enums/TopLevelEnum.php,942623d7e5af4927b4b6d0f1c32a6cf889e85212,true,false
googleapis/google-cloud-php,Vision/owlbot.py,31e754a5657bdf1a5e091d9db165e5c56f9bd54a,true,false
googleapis/google-cloud-php,Logging/src/PsrLogger.php,58ff66a3c27a65f2391b701b8ad1bd9f56c7183f,true,false
googleapis/google-cloud-php,Logging/tests/Unit/PsrLoggerTest.php,58ff66a3c27a65f2391b701b8ad1bd9f56c7183f,true,false
guzzle/psr7,src/Header.php,d55bd569d52f460409c1bd2322c73a4d1c1f5fef,true,false
guzzle/psr7,tests/HeaderTest.php,d55bd569d52f460409c1bd2322c73a4d1c1f5fef,true,false
hwi/HWIOAuthBundle,src/DependencyInjection/Configuration.php,13616bdf6fbe8647f6d7f08d060a4a2fdb9f1976,true,true
iDigBio/Biospex,app/Console/Kernel.php,49f5f41a7578da72a4362ebe6bd263be9a8e0b30,false,true
iNextrix/ASTPP,web_interface/astpp/assets/js/module_js/generate_grid.js,02b3fca21f89b68f567f84506a870b3bbf373b6b,true,false
iNextrix/ASTPP,web_interface/astpp/application/modules/pages/controllers/pages.php,2f4107233b668ca62791337d9d3fd57ba2547a53,true,false
iNextrix/ASTPP,database/astpp-5.0.sql,5b1b2f7858fa9406acb3b7608c4204ab1b73ee21,true,false
iNextrix/ASTPP,freeswitch/fs/lib/astpp.xml.php,5b1b2f7858fa9406acb3b7608c4204ab1b73ee21,true,false
iNextrix/ASTPP,web_interface/astpp/application/models/common_model.php,8e4700b934442399dea9bf3a9f28769236ebf334,true,false
iamcal/oembed,.gitignore,a2c2b55fd6039fa3c122fec04d6b4ee97663f79a,false,true
iamcal/oembed,secrets/README,a2c2b55fd6039fa3c122fec04d6b4ee97663f79a,false,true
iamcal/oembed,update.sh,a2c2b55fd6039fa3c122fec04d6b4ee97663f79a,false,true
ibericode/html-forms,src/class-forms.php,8b4b1b16fefb20aaf7e74e5e8abcae324992f770,false,true
ilrWebServices/ilr,web/modules/custom/ilr/ilr.module,63273d0f2b40c72634c64e97dd5ddd52a671fc30,true,false
ilrWebServices/ilr,web/sites/default/production.services.yml,e6fc2ce7a6091c082ca1c982779438904dcbaae6,false,true
imgag/megSAP,test/data_chrx/NA12878_17_manta_var_structural.bedpe.out,56897e6ef86b6f609b0f893286e507991d78707b,true,false
imgag/megSAP,test/data_chrx/NA12878_17_manta_var_structural_last_cols.bedpe.out,56897e6ef86b6f609b0f893286e507991d78707b,true,false
imgag/megSAP,src/NGS/rc_featurecounts.php,6a6e654bb395e5c9e9c38b493fa3b33ab009e70f,true,false
imgag/megSAP,test/data/rc_featurecounts_out1.tsv,6a6e654bb395e5c9e9c38b493fa3b33ab009e70f,true,false
imgag/megSAP,test/data_rna/analyze_rna_out_pe.tsv,6a6e654bb395e5c9e9c38b493fa3b33ab009e70f,true,false
inc2734/snow-monkey,app/setup/protected.php,0d801b3f758e0ea8961fa17eca607c86f7a497ac,true,false
inc2734/snow-monkey,template-parts/content/entry/front-page.php,3216cbc9212c510cb891996f5d7a6e5bde58fd19,true,false
inc2734/snow-monkey,templates/layout/footer/footer-1.php,ac75f39ba15f230d136622fbcd3b26795b72c96b,true,false
inc2734/snow-monkey,src/js/widgets.js,d50b327896c2c5c44b59efee7a31a100d32b341e,true,false
inex/IXP-Manager,resources/views/search/additional/ip.foil.php,54678d677ebc2cc78ff922df1854ce02a74d95cc,true,false
inex/IXP-Manager,app/Http/Controllers/SearchController.php,d1278d51fd2d271291910b4e1625d80a9571dfc3,true,false
jasonmunro/cypht,modules/nux/modules.php,ca67affb4e0f512b1bbdbdd8924d3f635bc6c967,true,false
jbroadway/elefant,apps/admin/handlers/util/async.php,668b06b91fb3d98dd832d9ff76dc69f5dd6657a7,true,false
jbroadway/elefant,apps/blog/lib/CsvParser.php,ac2899aff30c641f367a2933c802e05790758176,true,false
jeffpiazza/derbynet,website/js/now-racing.js,028890fe00cbb8e69ec771ce2af7e179ef373285,true,false
jeffpiazza/derbynet,website/ajax/action.result.import.inc,2cfb68e91010ddf5ce0859721d9b8a9a52c1a4ed,true,false
jeffpiazza/derbynet,website/awards-presentation.php,2cfb68e91010ddf5ce0859721d9b8a9a52c1a4ed,true,false
jeffpiazza/derbynet,website/inc/json-rounds.inc,2cfb68e91010ddf5ce0859721d9b8a9a52c1a4ed,true,false
jeffpiazza/derbynet,website/inc/kiosks.inc,2cfb68e91010ddf5ce0859721d9b8a9a52c1a4ed,true,false
jeffpiazza/derbynet,timer/src/org/jeffpiazza/derby/profiles/JitRacemaster.java,64072911a8c5ccd11c1bfd4f19b5c296505a6bd0,true,false
jegelstaff/formulize,modules/formulize/class/googleFilePickerElement.php,dfb68738044e2fd20aa94ebdab6cd4d26102c770,false,true
jimmycleuren/fireping,src/Slave/OutputFormatter/PingOutputFormatter.php,103d9ae9a6312dc1f984caea816fd5dc7beb52fa,true,false
jimwins/scat,lib/Scat/Controller/Giftcards.php,917f2a3e8ae86924c6c705473c04fef20f14b34c,false,true
jjdejong/phpip,.env.example,69c6ac21b69599ee64c697deebb98194d2e92168,true,false
johnbillion/wp-crontrol,wp-crontrol.php,e620470e00a0f8abe0de38b230ccb065efff449d,true,false
joomla/joomla-cms,installation/template/index.php,0066aa8a06d6251c2ea575d7272d410f3631197e,true,false
joomla/joomla-cms,components/com_ajax/ajax.php,03c0fc60b53873ad214a33e5534eafe66b9e41c6,true,true
joomla/joomla-cms,components/com_contact/src/Model/CategoryModel.php,0734711b109235da4c6d25653ab5be69095458b2,true,false
joomla/joomla-cms,administrator/components/com_cpanel/tmpl/cpanel/default.php,0bdb410abe6d5f3ecf56294e394c969525d80d43,true,false
joomla/joomla-cms,build/build-modules-js/init/exemptions/codemirror.es6.js,1369453fd8a2a465b0fd02a3117c6746ca782426,true,false
joomla/joomla-cms,administrator/components/com_installer/tmpl/updatesites/default.php,1df9d40296226af61d08f1356c6a762f2d58c495,true,false
joomla/joomla-cms,administrator/templates/atum/login.php,1edb4fe2bac6e233ef0b70625f501f0e5e5a2a17,true,false
joomla/joomla-cms,modules/mod_menu/src/Helper/MenuHelper.php,30aaec839d5b9ebd2d01cbfa4e13c73118fa1ec3,true,false
joomla/joomla-cms,administrator/components/com_menus/src/View/Items/HtmlView.php,3808e2a39cbcd710c8fe7d1d15d10e6cddecd5a5,true,false
joomla/joomla-cms,layouts/joomla/form/renderfield.php,4776cf7c6b18a32f266b293bde34de2dd225e5e0,true,false
joomla/joomla-cms,build/build-modules-js/init/recreate-media.es6.js,5d2413d22ac0b4eb4e961e405e5024e879c82ae5,true,false
joomla/joomla-cms,build/media_source/templates/administrator/atum/scss/vendor/awesomplete/awesomplete.scss,5d2413d22ac0b4eb4e961e405e5024e879c82ae5,true,false
joomla/joomla-cms,build/media_source/templates/administrator/atum/scss/vendor/choicesjs/choices.scss,5d2413d22ac0b4eb4e961e405e5024e879c82ae5,true,false
joomla/joomla-cms,build/media_source/templates/administrator/atum/scss/vendor/joomla-custom-elements/joomla-alert.scss,5d2413d22ac0b4eb4e961e405e5024e879c82ae5,true,false
joomla/joomla-cms,build/media_source/templates/administrator/atum/scss/vendor/minicolors/minicolors.scss,5d2413d22ac0b4eb4e961e405e5024e879c82ae5,true,false
joomla/joomla-cms,build/media_source/com_scheduler/css/admin-view-tasks.css,714e9e2ed1e108cfb8686d9012f24577cc841945,true,false
joomla/joomla-cms,build/media_source/com_scheduler/joomla.asset.json,714e9e2ed1e108cfb8686d9012f24577cc841945,true,false
joomla/joomla-cms,plugins/fields/media/tmpl/media.php,8a641e0de3bb344a8ce2c329b1af01b751a90814,true,false
joomla/joomla-cms,administrator/components/com_templates/src/Service/HTML/Templates.php,972505c944e131beb60b23bb63d8846efb71bd9d,false,true
joomla/joomla-cms,administrator/components/com_templates/forms/style.xml,998ca3858d647732afd2fde108e0d778adc7c42a,true,false
joomla/joomla-cms,administrator/components/com_templates/tmpl/style/edit.php,998ca3858d647732afd2fde108e0d778adc7c42a,true,false
joomla/joomla-cms,layouts/joomla/content/full_image.php,bb18160a829ed8d03089aef3368d16a2ca47cbcf,true,false
joomla/joomla-cms,modules/mod_breadcrumbs/tmpl/default.php,bb5285ab74f5cfba549c9ff0ed949480a196a71a,true,false
joomla/joomla-cms,administrator/components/com_installer/src/Model/DatabaseModel.php,e67eab0514a6aa215e011ac635f646a290d3fa00,true,false
joomla/joomla-cms,components/com_contact/tmpl/contact/default_address.php,edfdcb4e6c3af9d4656be9c5c6fa8d9d45b4e7a8,true,false
joomla/joomla-cms,layouts/joomla/content/emptystate.php,fed67e2abb7ab67004cce6360b921777cf1117a0,false,true
kanboard/kanboard,app/Schema/Sqlite.php,178e2eaf632a9083cc895edde76cc2940a3556c2,true,false
kiwi3685/kiwitrees,modules_v4/tab_changes/module.php,07c09155b074b867e66d3dc27ccd1c2dcf9dbf02,true,false
kiwi3685/kiwitrees,modules_v4/backup_to_dropbox/module.php,a02df2dada41fed893a17894ceedabdff7673715,true,false
kiwi3685/kiwitrees,library/php-diff/lib/Diff/SequenceMatcher.php,d5272167650891f72bab198f1c8b08297ae40bab,true,false
kiwi3685/kiwitrees,modules_v4/widget_review_changes/module.php,d8c90be56b2487442c056765883560dfaebc3e72,true,false
kiwi3685/kiwitrees,admin_trees_check.php,fd9c4cf41c316d2f22b40fca19845ef10b4c925e,true,false
laravel/framework,tests/Mail/MailSesTransportTest.php,0564fb5482173ec08e064241a13c642475fb4310,true,false
laravel/framework,src/Illuminate/Foundation/Http/Middleware/VerifyCsrfToken.php,101cd01504728752395841847a2eab87bf4616c8,true,false
laravel/framework,src/Illuminate/Foundation/Exceptions/Handler.php,125850e3904737cd0d7a486e925e18ade5f59d5b,false,true
laravel/framework,src/Illuminate/Database/Console/Seeds/stubs/seeder.stub,1c117ce281db30505e46b6040f241f965dac1594,true,true
laravel/framework,src/Illuminate/Queue/SerializesModels.php,22c2cee98a229d8da6ae02caadda6848565dfd94,true,false
laravel/framework,src/Illuminate/Support/Facades/Validator.php,34a57fa1c73412d88933a8375af95060d4a15546,true,false
laravel/framework,tests/Integration/Notifications/SendingMailNotificationsTest.php,40abea870dbb802b752eb294fad5ab9de1eec1e5,true,false
laravel/framework,src/Illuminate/Redis/Connections/PhpRedisConnection.php,4d770fd9a31ad02f724428ec0d15ca38a81cc3d1,true,false
laravel/framework,src/Illuminate/Queue/CallQueuedHandler.php,502a5054025a81996d45d2657a598809db3c2aab,false,true
laravel/framework,tests/Database/DatabaseMySqlSchemaStateTest.php,6a7a5b4cc3be737441b5118ea64ea550a6bc9f4b,true,false
laravel/framework,src/Illuminate/Support/Facades/Date.php,6c4488af6d199d2ce2c2c95d3e76e5ece3b875c6,true,false
laravel/framework,src/Illuminate/Database/Eloquent/Relations/Concerns/AsPivot.php,6c5ecc1c7768826f2bf8f223eef535ec6f13631f,true,false
laravel/framework,tests/Integration/Database/EloquentCustomPivotCastTest.php,6c5ecc1c7768826f2bf8f223eef535ec6f13631f,true,false
laravel/framework,src/Illuminate/Foundation/Testing/Concerns/InteractsWithRedis.php,84d433d7d7acd44cce5d9f0b7562439346e6fe19,false,true
laravel/framework,src/Illuminate/Support/Facades/Queue.php,9684a047dd9d29654a200d194a0f34ea390bb987,true,false
laravel/framework,tests/Support/SupportTestingQueueFakeTest.php,9684a047dd9d29654a200d194a0f34ea390bb987,true,false
laravel/framework,src/Illuminate/Validation/ValidationRuleParser.php,a26c7ccf950e8a5e9772a72852fde14fe0464790,true,true
laravel/framework,tests/Validation/ValidationForEachTest.php,a26c7ccf950e8a5e9772a72852fde14fe0464790,true,true
laravel/framework,tests/Support/SupportLazyCollectionIsLazyTest.php,aac0da02132d38cff8fe9ff6aee5f9b0ca689a18,true,false
laravel/framework,tests/Integration/Routing/ImplicitModelRouteBindingTest.php,b8be411c27ae9f0ef822dab0c1e6c48beb3e06e1,true,false
laravel/framework,src/Illuminate/Foundation/Console/stubs/model.morph-pivot.stub,d3ee8104a8779a916b4b1defa091d091846899b5,false,true
laravel/framework,tests/Database/DatabaseEloquentWithCastsTest.php,ee00c099af2a4bbf8cc5f9f0fc7f2ef714657322,true,false
laravel/scout,src/Engines/MeiliSearchEngine.php,9d37b622bc863d4f76539fce6c90b849b30a47ea,true,false
laravel/scout,tests/Unit/MeiliSearchEngineTest.php,9d37b622bc863d4f76539fce6c90b849b30a47ea,true,false
laravel/scout,src/Engines/CollectionEngine.php,d50ed2fa30643e682bc123bd08ab28d25e61f51d,true,false
laravel/scout,tests/Feature/CollectionEngineTest.php,d50ed2fa30643e682bc123bd08ab28d25e61f51d,true,false
librewiki/liberty-skin,js/delay-scrolling.js,daa29db9927ee93411f2c73435219e3832a0dfc7,false,true
librewiki/liberty-skin,skin.json,daa29db9927ee93411f2c73435219e3832a0dfc7,false,true
librewiki/liberty-skin,css/only-mw.css,dbc503efd09f7ee66f7dba536e069cd4388efdb0,true,false
lightspeeddevelopment/tour-operator,tour-operator.php,97cc57f6a6b9937f042b6041734eeccd6fa30933,true,false
madbob/GASdottoNG,code/app/Http/Controllers/BookingController.php,095648b106d10bbd3fea6b341781340f82f7aa5e,true,false
madbob/GASdottoNG,code/app/Services/OrdersService.php,1b36e9a58ec06225999663186702aca69da96aa3,true,false
madbob/GASdottoNG,code/app/Services/SuppliersService.php,1e3d682c5571a3bc2bc1f06623c1ec56fd1294f1,true,false
madbob/GASdottoNG,code/app/Http/Controllers/CategoriesController.php,604a0022bb4f3307c3975a5216cb089202350753,true,false
madbob/GASdottoNG,code/resources/views/product/show.blade.php,9541ac821ae1dff45df39baf86ccb6dea176599f,true,false
madbob/GASdottoNG,code/resources/views/order/summary.blade.php,d6eac8d1d29c9edc908ec8631da29a885a68c792,true,false
madbob/GASdottoNG,code/resources/views/order/edit.blade.php,da554381ad5b91fc7ee3a96e4954b7d3fb193300,true,false
mailcow/mailcow-dockerized,data/Dockerfiles/dovecot/quarantine_notify.py,b1314bd9a3f7b03188f34ba327a813e50b98370b,true,false
mailwatch/MailWatch,MailScanner_perl_scripts/MailWatch.pm,247d92fef35c7d77ea39d8b2003bd25069d96a41,true,false
maths/moodle-qtype_stack,stack/utils.class.php,7adbac3be2f6db1df71592632fd191c2d8da6fc5,true,false
maths/moodle-qtype_stack,tests/stack_utils_test.php,7adbac3be2f6db1df71592632fd191c2d8da6fc5,true,false
michael-milette/moodle-filter_filtercodes,.vscode/launch.json,515c71f35fcb0867c259c8731cd25de3240dce07,true,false
michaeluno/amazon-auto-links,include/core/main/admin/report/http_request/AmazonAutoLinks_ListTable_HTTPRequests.php,3986b06c0e425e3edf30a3135cd2065e6a072002,true,false
michaeluno/amazon-auto-links,include/core/component/button/admin/admin_page/post_meta_box/AmazonAutoLinks_PostMetaBox_Button_Text.php,3d71320d8bcb771e495db6bdc1f4dd6305cdecfe,true,false
michaeluno/amazon-auto-links,include/core/component/button/event/filter/AmazonAutoLinks_Button_Event_Filter_Output.php,822d36cfa01d3e639c4213049a1d2d6d471d1059,true,false
michaeluno/amazon-auto-links,include/core/main/admin/setting/general/AmazonAutoLinks_AdminPage_Setting_General_UnitPreview.php,bba4bd9886c324c436ffac9d1f2590f4cc35a2e5,true,false
michaeluno/amazon-auto-links,include/core/component/template/AmazonAutoLinks_TemplateResourceLoader.php,f1de025ccc693b55c8a91b2f1df0c3777d72fcbb,true,false
miraheze/CreateWiki,sql/patches/patch-cw_wikis-add-default-to-wiki_closed.sql,2ed9de6af5f0bd6c1d8b42108247be07a7920ca7,false,true
miraheze/CreateWiki,sql/patches/patch-cw_wikis-add-default-to-wiki_deleted.sql,2ed9de6af5f0bd6c1d8b42108247be07a7920ca7,false,true
miraheze/CreateWiki,sql/patches/patch-cw_wikis-add-default-to-wiki_inactive.sql,2ed9de6af5f0bd6c1d8b42108247be07a7920ca7,false,true
miraheze/CreateWiki,sql/patches/patch-cw_wikis-add-default-to-wiki_inactive_exempt.sql,2ed9de6af5f0bd6c1d8b42108247be07a7920ca7,false,true
miraheze/CreateWiki,sql/patches/patch-cw_wikis-add-default-to-wiki_locked.sql,2ed9de6af5f0bd6c1d8b42108247be07a7920ca7,false,true
mjaschen/collmex,src/Csv/Parser.php,beffd3d06bcd92fe2b987ec2b3407de1240b8f1b,true,false
mjaschen/collmex,tests/Unit/Csv/ParserTest.php,beffd3d06bcd92fe2b987ec2b3407de1240b8f1b,true,false
mjaschen/collmex,src/Type/StockChangeGet.php,e84a48bb6ced8efd921c72281726a812b32a331a,true,false
mongodb/mongo-php-driver,src/MongoDB/Monitoring/ServerHeartbeatSucceededEvent.c,d40302333a16423cc353ed71f362692af0eee6f9,true,false
monicahq/monica,app/Http/Controllers/Contacts/TasksController.php,d4504e3267ceb01e3e46b65a8e09b0d88e461170,true,false
moodle/moodle,lib/dml/mysqli_native_moodle_database.php,9af16134419c474b0be1b285af98ab0656632f39,true,false
mpratt/Embera,src/Embera/Provider/Altru.php,4db0c622111a8598831de14cf6de44942b78acdd,true,false
mpratt/Embera,src/Embera/Cache/CacheAdapter.php,8609f62ea7492351088bfd44f593baef4342b11b,true,false
mpratt/Embera,src/Embera/Provider/MediaLab.php,b7cf2dac11071cd6aae457e2f40a9d411092c99e,false,true
msaari/relevanssi,lib/compatibility/bricks.php,bd8b280a28e34ad135d4a631dfcd1588b69a48d2,false,true
msaari/relevanssi,lib/user-searches.php,c05cd14f1f6b3ff8ac9c2cf01b1b374022a37610,true,false
mybb/mybb,inc/class_stopforumspamchecker.php,3ec072d9483b25d361cbf319ee76508fe386b236,true,false
mybb/mybb,inc/class_captcha.php,c42b9faacb620f4498ec9c6caff48f8b16982527,true,false
netgen/TagsBundle,bundle/Resources/public/admin/js/app.js,576935169953792994b0b3c0dad4719e3812f5c8,false,true
netgen/TagsBundle,bundle/Resources/public/admin/js/fieldType/eztags.js,d0902b3598c2d87dc474063f8aaaec8a5bc615ab,false,true
netgen/TagsBundle,bundle/Validator/Structs/TagUpdateStructValidator.php,e8234427a736b84db425c1d3418e25e9afdb88e9,true,false
nextcloud/nextcloud.com,page-talk.php,5bc4df13de22353e7d346a0365eb301564824243,true,false
nightflyza/Ubilling,api/libs/api.usms.php,dfa4620f59325a8ea8da895a720440be852d8551,true,false
nightflyza/Ubilling,config/scripts/onureg/zte/C6XX/GPON_1,fe6b3aaa16de54714bcf8247b2eff3b7b2c240ed,true,false
nightflyza/Ubilling,config/scripts/onureg/zte/C6XX/GPON_1_R,fe6b3aaa16de54714bcf8247b2eff3b7b2c240ed,true,false
nightflyza/Ubilling,config/scripts/onureg/zte/C6XX/GPON_4,fe6b3aaa16de54714bcf8247b2eff3b7b2c240ed,true,false
nightflyza/Ubilling,config/scripts/onureg/zte/C6XX/GPON_4_R,fe6b3aaa16de54714bcf8247b2eff3b7b2c240ed,true,false
nightflyza/Ubilling,config/scripts/onureg/zte/C6XX/save,fe6b3aaa16de54714bcf8247b2eff3b7b2c240ed,true,false
nosilver4u/ewww-image-optimizer,tests/test-optimize.php,7c0b35f8f60344a46bf8a52ab8a021b068b09a73,true,true
omeka/Omeka,application/libraries/Zend/Rest/Server.php,877091d8b000c6cf6c7182c7a4ef1521378cf21b,false,true
omeka/Omeka,application/libraries/Zend/Filter/Encrypt/Openssl.php,e944b116272143bd7e4418eb5daa2726b908259a,false,true
open-telemetry/opentelemetry-php,tests/Unit/SDK/Trace/SpanProcessorFactoryTest.php,8a362215fd31075442b4df9ddd4e99fcb0947f5a,false,true
owncloud/music,lib/Utility/DetailsHelper.php,bd40dcde9592a3dab868bf152f452be24aff1e39,true,false
pageer/lnblog,lib/WebPages.php,f5bb336704c2be5fdf262d2c591f3302f0cdd9b9,true,false
pfsense/pfsense,build.sh,038705c080b58970fefad2dafcca0f067399f80b,true,false
pfsense/pfsense,src/usr/local/www/diag_pftop.php,0d1860181f0660704b3e749bbb0a4c207ad68925,true,false
pfsense/pfsense,src/usr/local/www/widgets/widgets/openvpn.widget.php,3ade222beb2cae2c0681ed69d4e5a0c82c6303f9,true,false
pfsense/pfsense,src/usr/local/www/interfaces_bridge_edit.php,6739d0014695a1fdba77d8c36b6a89ba7252b021,true,false
pfsense/pfsense,src/usr/local/sbin/acbupload.php,770a7c5d328348387bb67b354e2814877cf36074,false,true
pfsense/pfsense,src/usr/local/www/status.php,c7dd367324cf1cdc5fe518482515f0605471c702,true,false
pfsense/pfsense,src/usr/local/www/interfaces_assign.php,d1d1084eb4ebedbcc86cfe13c6d25cf9570646b0,true,false
phingofficial/phing,src/Phing/Type/DirSet.php,ba1b0ffcafbaf7483b2a6105fbfc665de223cfd6,true,false
phingofficial/phing,tests/Phing/Type/DirSetTest.php,ba1b0ffcafbaf7483b2a6105fbfc665de223cfd6,true,false
phoronix-test-suite/phoronix-test-suite,pts-core/commands/list_installed_suites.php,2c15badaa6336514e1387c0ee459d21f8676e6a0,true,false
phpDocumentor/TypeResolver,src/TypeResolver.php,f044fe9e0ef83c9a2c83297512c6ef4d5767a5b1,true,false
phpDocumentor/TypeResolver,tests/unit/PseudoTypes/IntRangeTest.php,f044fe9e0ef83c9a2c83297512c6ef4d5767a5b1,true,false
phpmyadmin/phpmyadmin,.jshintrc,28892052dfa47e453339df3fad26d78189508a25,false,true
phpmyadmin/phpmyadmin,js/src/server/databases.js,53172b00685c88625533d47a3c05ec1a50deb868,false,true
phpmyadmin/phpmyadmin,js/src/server/privileges.js,fb18d3b3a93e35031b1af18155850960199e7660,false,true
phpmyadmin/phpmyadmin,js/src/server/plugins.js,fece1cc0ab8b700820001ea248caf77c3411982b,false,true
phpmyadmin/sql-parser,tests/Lexer/ContextTest.php,1aa400f21dc7824316816bab9d53a295fadcc359,true,false
platformsh/platformsh-cli,composer.json,a1fe8cf6ae1c74eb04d4e53e7b51be35ec2e2238,true,false
platformsh/platformsh-cli,composer.lock,a1fe8cf6ae1c74eb04d4e53e7b51be35ec2e2238,true,false
pluginsGLPI/formcreator,inc/fields.class.php,1e89a226bb3b33d45e7840c5c3613b2ae32a09ac,true,false
pluginsGLPI/formcreator,inc/translation.class.php,53122e51d457a68fccd2400abfe75b477085594b,false,true
pluginsGLPI/formcreator,front/form.form.php,56ad7b0e733cb70f9be8eeb034fa215d64d42121,true,false
pluginsGLPI/formcreator,tests/script-functions.sh,c9486b7f022fb35867396d11e2a20ad29bedf15a,true,false
pmmp/PocketMine-MP,src/block/ShulkerBox.php,10c0d83fa5065bd84eeff0c1053f46e133d0d142,true,false
pmmp/PocketMine-MP,src/inventory/PlayerInventory.php,51a3043dfd37d67a3de2b8611d8d47ef999b386f,true,false
pmmp/PocketMine-MP,src/block/Mycelium.php,6a39caa204a9d8b24d1e4c2da63c3682831735f0,true,false
pmmp/PocketMine-MP,src/entity/EntityDataHelper.php,6d584cf0081f4adc7346ffa2eee1bd1057d0bc17,true,false
pmmp/PocketMine-MP,src/block/Bed.php,7e903fde5b5538c0cfd09521a618f994f46735e0,true,false
pmmp/PocketMine-MP,src/block/ItemFrame.php,879476d8e094bb31af17035a459a6527d940984c,true,false
pmmp/PocketMine-MP,src/MemoryManager.php,bd4c2b5245b00152ab91805694ce65e2f5cdd2e4,true,false
pmmp/PocketMine-MP,src/plugin/PluginManager.php,c9c50e16ecdc912efe16898f9b2c06b1f008792e,true,false
pmmp/PocketMine-MP,src/command/defaults/DumpMemoryCommand.php,d60dba2de06c0786cc883f2ae11ee41372bbf545,true,false
polylang/polylang,modules/sync/sync-post-metas.php,5f76a4141568118bcaa9c098adc09ec6ee64b510,true,false
polylang/polylang,modules/wpml/wpml-legacy-api.php,bdd36d3ecafe87e1198312fb0622fc510f6edd77,false,true
projectestac/agora_moodle2,lib/dml/mysqli_native_moodle_database.php,383a8f5fc7dac7eb6a74e32c0ffffe4c04090014,true,false
regardscitoyens/nosdeputes.fr,bin/loadupdate,6e7cc314f9a8d47d8898ff3559ca6c830ac2940d,true,false
regardscitoyens/nosdeputes.fr,bin/load_deputes,c1b6611706169d0df01f200a21124b88c5bb0c65,true,false
remp2020/remp,Beam/resources/assets/js/remplib.js,22c10ba207a578a34f5ef982667fac5e61f5fd97,true,false
roots/sage,tailwind.config.js,260672b786d6a2c70a5c44af88bb6020c82b1d7d,false,true
roundcube/roundcubemail,plugins/enigma/lib/enigma_mime_message.php,13e863e22350235e7d78e31664b6158f3f538760,true,false
roundcube/roundcubemail,program/lib/Roundcube/rcube_smtp.php,18f1a33fccbbe3edd8750bc1b71257eb3519c2c3,true,false
roundcube/roundcubemail,plugins/enigma/lib/enigma_driver_gnupg.php,401e761c027cf6f483510117f9a896197d14b30f,true,false
roundcube/roundcubemail,plugins/password/drivers/httpapi.php,a2560eb7ffb0135f3c5a081d5235216ea930d4e4,false,true
s30labs/cnm,crawler/bin/Crawler/Store.pm,0d053d6038c23c9b9a8888b068415299fe883653,false,true
s30labs/cnm,crawler/bin/Crawler/SNMP.pm,21d341c1bae21a638644a3de5c1b1c71fcc7badb,false,true
s30labs/cnm,crawler/bin/Crawler/FXM.pm,99196ef99630de2600c2b86be50770d0037c00a6,true,false
s30labs/cnm,crawler/bin/CNMScripts/Events.pm,cc0b5cde867a3de48fc09333acba37c0cc77c785,false,true
salesagility/SuiteCRM,include/Services/NormalizeRecords/NormalizeRecords.php,38a91d4b203261ddd8008a910c9be5aa34ddd6d5,true,false
salesagility/SuiteCRM,modules/Studio/DropDowns/DropDownHelper.php,9cf27280187a3d1c3eb981c9c20ed5926632cc3e,true,true
salsalabs/engage_api_php,src/demo_utils.php,704fc4f2b8d7566002972a5eccbd32d2520bf3a4,true,false
sbrl/Pepperminty-Wiki,modules/feature-comments.php,439187139d894720964576b3feed00a1b1244408,true,false
scify/memori-online-games-repository,app/StorageLayer/GameFlavorStorage.php,409b3939e4ab5d88045554d4dd6dfdd2f49d0eb3,true,false
scify/memori-online-games-repository,app/StorageLayer/GameFlavorReportStorage.php,a38d3040d327355bbf14faa6d8936722c5958a24,false,true
scify/memori-online-games-repository,resources/views/about.blade.php,d687c3867e54a6e670812e0a969fa3ee1e98c819,true,false
simplesamlphp/saml2,src/SAML2/Certificate/KeyLoader.php,5f69747f0a879e196ae3e6f35b36fec6bb708dae,true,false
simplesamlphp/saml2,tests/SAML2/Certificate/KeyLoaderTest.php,5f69747f0a879e196ae3e6f35b36fec6bb708dae,true,false
simplesamlphp/saml2,tests/SAML2/Response/SignatureValidationTest.php,5f69747f0a879e196ae3e6f35b36fec6bb708dae,true,false
simplesamlphp/saml2,tests/SAML2/Response/XmlSignatureWrappingTest.php,5f69747f0a879e196ae3e6f35b36fec6bb708dae,true,false
simplesamlphp/saml2,tests/SAML2/Signature/PublicKeyValidatorTest.php,5f69747f0a879e196ae3e6f35b36fec6bb708dae,true,false
simplesamlphp/saml2,src/SAML2/SOAPClient.php,6f3a84fa080529b7bdef620b41fae62f5c62786e,true,false
sitkoru/yandex-direct-api,src/services/campaigns/enum/AttributionModelEnum.php,ebcfc29076a1fee31dedc4aaae70fcf487118117,true,false
slevomat/coding-standard,SlevomatCodingStandard/Helpers/YodaHelper.php,25866e5f61d63c16ffd56646f73dc0d1792983db,true,false
slevomat/coding-standard,tests/Sniffs/ControlStructures/DisallowYodaComparisonSniffTest.php,25866e5f61d63c16ffd56646f73dc0d1792983db,true,false
slevomat/coding-standard,tests/Sniffs/ControlStructures/RequireYodaComparisonSniffTest.php,25866e5f61d63c16ffd56646f73dc0d1792983db,true,false
slevomat/coding-standard,tests/Sniffs/ControlStructures/data/disallowYodaComparisonErrors.php,25866e5f61d63c16ffd56646f73dc0d1792983db,true,false
slevomat/coding-standard,tests/Sniffs/ControlStructures/data/disallowYodaComparisonNoErrors.php,25866e5f61d63c16ffd56646f73dc0d1792983db,true,false
slevomat/coding-standard,tests/Sniffs/ControlStructures/data/fixableDisallowYodaComparisons.fixed.php,25866e5f61d63c16ffd56646f73dc0d1792983db,true,false
slevomat/coding-standard,tests/Sniffs/ControlStructures/data/fixableDisallowYodaComparisons.php,25866e5f61d63c16ffd56646f73dc0d1792983db,true,false
slevomat/coding-standard,tests/Sniffs/ControlStructures/data/fixableRequireYodaComparisons.fixed.php,25866e5f61d63c16ffd56646f73dc0d1792983db,true,false
slevomat/coding-standard,tests/Sniffs/ControlStructures/data/fixableRequireYodaComparisons.php,25866e5f61d63c16ffd56646f73dc0d1792983db,true,false
slevomat/coding-standard,tests/Sniffs/ControlStructures/data/requireYodaComparisonErrors.php,25866e5f61d63c16ffd56646f73dc0d1792983db,true,false
slevomat/coding-standard,tests/Sniffs/ControlStructures/data/requireYodaComparisonNoErrors.php,25866e5f61d63c16ffd56646f73dc0d1792983db,true,false
snc/SncRedisBundle,src/Factory/PhpredisClientFactory.php,34d6e3b8c676bf13d71675726179bca0d5de1069,true,false
snc/SncRedisBundle,tests/Factory/PhpredisClientFactoryTest.php,34d6e3b8c676bf13d71675726179bca0d5de1069,true,false
snipe/snipe-it,resources/views/notifications/markdown/upcoming-audits.blade.php,2815e0d36ef2ee28a5edbee99fa57605d8d8f70e,true,false
snipe/snipe-it,app/Http/Controllers/Assets/AssetsController.php,3e2fe1048076eb0c768a5e529a074d3adbafd611,true,false
snipe/snipe-it,app/Http/Controllers/ActionlogController.php,f840652395318bdcbc2511a1651d005e8319b742,true,false
sonata-project/SonataAdminBundle,src/Manipulator/ObjectManipulator.php,8b8e8c9c808d18cdaa1ddefe709931872bf85c1a,true,false
sonata-project/SonataAdminBundle,tests/Admin/AdminHelperTest.php,8b8e8c9c808d18cdaa1ddefe709931872bf85c1a,true,false
sonata-project/SonataAdminBundle,tests/FieldDescription/BaseFieldDescriptionTest.php,8b8e8c9c808d18cdaa1ddefe709931872bf85c1a,true,false
sonata-project/SonataAdminBundle,tests/Manipulator/ObjectManipulatorTest.php,8b8e8c9c808d18cdaa1ddefe709931872bf85c1a,true,false
sonata-project/SonataAdminBundle,src/BCLayer/BCUserInterface.php,e6b77a362b2073cf307eac8aa26959145d332648,true,false
sonata-project/SonataDoctrineORMAdminBundle,src/DependencyInjection/Compiler/AddAuditEntityCompilerPass.php,0435621460111e5a1096ade63255874255b19ac8,true,false
sonata-project/SonataDoctrineORMAdminBundle,src/Exporter/DataSource.php,3c806634cc704e1082c684b1a9fbfdf2e77a273f,true,false
sonata-project/SonataDoctrineORMAdminBundle,tests/Exporter/DataSourceTest.php,3c806634cc704e1082c684b1a9fbfdf2e77a273f,true,false
sonata-project/SonataDoctrineORMAdminBundle,src/DependencyInjection/Compiler/AddTemplatesCompilerPass.php,cb3d8c8cb8ada8c85d572339875d9c5adde0250b,true,false
sonata-project/SonataDoctrineORMAdminBundle,tests/DependencyInjection/Compiler/AddTemplatesCompilerPassTest.php,cb3d8c8cb8ada8c85d572339875d9c5adde0250b,true,false
sonata-project/SonataMediaBundle,src/Listener/ORM/MediaEventSubscriber.php,3ba3e05bc6d63909dc6d49673edc621a89c6694f,true,false
sonata-project/SonataMediaBundle,tests/Listener/ORM/MediaEventSubscriberTest.php,3ba3e05bc6d63909dc6d49673edc621a89c6694f,true,false
sonata-project/exporter,.github/workflows/lint.yaml,c3d8a93e8c3be84356148563018409b57acbe9ae,true,false
sonata-project/exporter,.github/workflows/stale.yaml,c3d8a93e8c3be84356148563018409b57acbe9ae,true,false
sonata-project/exporter,.github/workflows/test.yaml,c3d8a93e8c3be84356148563018409b57acbe9ae,true,false
sonata-project/exporter,src/Writer/XmlWriter.php,c3d8a93e8c3be84356148563018409b57acbe9ae,true,false
sonata-project/exporter,tests/bootstrap.php,c3d8a93e8c3be84356148563018409b57acbe9ae,true,false
spatie/laravel-backup,resources/lang/cs/notifications.php,1e6e06cf75f6df21311a96fa99d767ff2c50078c,true,false
spatie/laravel-backup,resources/lang/pt-BR/notifications.php,2c0b9cf606c05cc7ef11665d72c4069f6ce2b5f4,true,false
spip/SPIP,prive/objets/liste/auteurs_fonctions.php,1e6dd367310a36237a94142e00f40303c8fa0179,true,false
spip/SPIP,ecrire/action/converser.php,fcd97a87e21d7a5b68131ee60ba8591f00d4e041,true,false
squizlabs/PHP_CodeSniffer,tests/Core/Tokenizer/BackfillEnumTest.inc,718b93213dfb93bf1b6172ae6e0e956362e062a4,true,false
squizlabs/PHP_CodeSniffer,tests/Core/Tokenizer/BackfillEnumTest.php,718b93213dfb93bf1b6172ae6e0e956362e062a4,true,false
squizlabs/PHP_CodeSniffer,tests/Core/Tokenizer/GotoLabelTest.inc,718b93213dfb93bf1b6172ae6e0e956362e062a4,true,false
squizlabs/PHP_CodeSniffer,tests/Core/Tokenizer/GotoLabelTest.php,718b93213dfb93bf1b6172ae6e0e956362e062a4,true,false
srmklive/laravel-paypal,src/Traits/PayPalAPI/Identity.php,783c62827a05d621a0fdbdc1b5ba3e4399a3ce79,true,false
srmklive/laravel-paypal,tests/Feature/AdapterFeatureTest.php,783c62827a05d621a0fdbdc1b5ba3e4399a3ce79,true,false
srmklive/laravel-paypal,tests/Mocks/Responses/Identity.php,783c62827a05d621a0fdbdc1b5ba3e4399a3ce79,true,false
symfony/cache,Tests/Simple/AbstractRedisCacheTest.php,16d89b6ad0d2f79c897a66dc82d986996285108c,true,false
symfony/cache,Adapter/MemcachedAdapter.php,271901728545c9476e93b68a4f4b42a38afd6ad7,true,false
symfony/cache,Traits/AbstractTrait.php,84a3a42d8f7a049e3a1dd363e35235426e274ddf,true,false
symfony/cache,Tests/Simple/MemcachedCacheTest.php,adeced12094e9b5ebde2d917779218abc65feea3,true,false
symfony/cache,Traits/AbstractAdapterTrait.php,b954c9397b226df319c6dfd002636ddaa4d848ef,true,true
symfony/http-kernel,Tests/DataCollector/LoggerDataCollectorTest.php,8a2ad2a1942c45554d283ed8720fe0aca3eba3f3,true,false
symfony/http-kernel,Tests/DependencyInjection/RegisterControllerArgumentLocatorsPassTest.php,aa5ddc5f1f9e2349b96ff7153e65b031a1a67e50,true,false
symfony/security-acl,Dbal/Schema.php,04d6fadd671d72ff322e20840e510030753e008a,true,false
symfony/security-core,Exception/AccountStatusException.php,11d815ccbff929899a4ec545f9f85185071abd12,true,true
symfony/security-core,Authentication/Token/NullToken.php,14682308e2c2339d3502a40d024d6ed77a826259,true,false
symfony/security-core,Authentication/RememberMe/CacheTokenVerifier.php,8d622c29dd018a5fb4a3994c9eeae2e9dfe68e96,true,false
symfony/security-http,EventListener/PasswordMigratingListener.php,53d572f06fc438faae3713cc97d186d941919748,true,false
symfony/security-http,Tests/EventListener/PasswordMigratingListenerTest.php,53d572f06fc438faae3713cc97d186d941919748,true,false
symfony/symfony,src/Symfony/Component/HttpKernel/Profiler/Profiler.php,0c1bf57588ae6fe1463945d0b2b68d609c9fb4a6,true,false
symfony/symfony,src/Symfony/Component/HttpKernel/Tests/Profiler/ProfilerTest.php,0c1bf57588ae6fe1463945d0b2b68d609c9fb4a6,true,false
symfony/symfony,src/Symfony/Component/PropertyInfo/CHANGELOG.md,1df76df444add6fe1b4291c0ede5a524f4d14940,false,true
symfony/symfony,src/Symfony/Component/PropertyInfo/Extractor/PhpDocExtractor.php,1df76df444add6fe1b4291c0ede5a524f4d14940,false,true
symfony/symfony,src/Symfony/Component/PropertyInfo/Tests/Fixtures/Php80Dummy.php,1df76df444add6fe1b4291c0ede5a524f4d14940,false,true
symfony/symfony,src/Symfony/Component/Config/Tests/Builder/Fixtures/AddToList.php,68fa5a5ab0b6f955d387d7f45c8f3a038ddd27c1,true,false
symfony/symfony,src/Symfony/Component/Config/Tests/Builder/Fixtures/Placeholders.php,68fa5a5ab0b6f955d387d7f45c8f3a038ddd27c1,true,false
symfony/symfony,src/Symfony/Component/Console/Input/StringInput.php,84f0d0e960b5c962c3c72db9910eaa6d37d8b8bc,true,true
symfony/symfony,src/Symfony/Component/Cache/Tests/Simple/MemcachedCacheTest.php,9bb2552c5004034ad5861ecd810e16db4eb86c71,true,false
symfony/symfony,src/Symfony/Component/Serializer/Tests/Normalizer/UidNormalizerTest.php,a14eb3f782ed01151f88ff4c61eb286a347b4746,true,false
symfony/symfony,src/Symfony/Component/ExpressionLanguage/CHANGELOG.md,b47a4fa6372798b30637256f63fef782c28f71ec,true,false
symfony/symfony,src/Symfony/Component/ExpressionLanguage/Lexer.php,b47a4fa6372798b30637256f63fef782c28f71ec,true,false
symfony/symfony,src/Symfony/Component/ExpressionLanguage/Tests/LexerTest.php,b47a4fa6372798b30637256f63fef782c28f71ec,true,false
symfony/symfony,src/Symfony/Component/ExpressionLanguage/Tests/ParserTest.php,b47a4fa6372798b30637256f63fef782c28f71ec,true,false
symfony/symfony,src/Symfony/Component/HttpKernel/ControllerMetadata/ArgumentMetadata.php,d6be0d9b308b6b034c39e2b50fcdd39efc0c1735,true,true
symfony/symfony,src/Symfony/Component/HttpKernel/Tests/ControllerMetadata/ArgumentMetadataTest.php,d6be0d9b308b6b034c39e2b50fcdd39efc0c1735,true,true
tastyigniter/TastyIgniter,app/admin/views/_mail/reservation_update.blade.php,4e016815c0eb74df1aa0b8dd084566c38ce421db,true,false
tastyigniter/TastyIgniter,app/admin/widgets/Filter.php,f1eea183761520c706e96b9348505eea4f5769ba,true,false
tastyigniter/flame,src/Pagic/Template.php,929c34ddf1ee7adb004c43dac28f36660b161394,true,false
tastyigniter/flame,src/Database/Pivot.php,ad1dfc0b5ee25350cf1415323419888b7fc95dcb,true,false
tastyigniter/flame,src/Currency/Drivers/Filesystem.php,d8a41bea361baa9222741a495f0e9f09c5c630ed,true,false
tbar0970/jethro-pmm,views/view_2_families__3_add.class.php,3e965a7f1a3d1af7331689d45335ac44eb2bd741,true,false
tbar0970/jethro-pmm,db_objects/service_component.class.php,43f7fb81ae40f29a0c0868b777cfbfc30b8c45e2,true,false
tbar0970/jethro-pmm,views/view_5_groups.class.php,6e3c13bf7c8c8eff089657376724469124a0e5d0,true,false
tbar0970/jethro-pmm,db_objects/service_item.class.php,77dad9cdc9a6469179cb5720e94ff462ba5d7c24,true,false
tbar0970/jethro-pmm,views/view_10_admin__6_system_configuration.class.php,c020fa87563ae2e89c8a5e9e5fece11bb92c5555,true,false
tbar0970/jethro-pmm,db_objects/person_group.class.php,e2e2d36e6bfdecc22767c5b684411a329bc9a77f,true,false
tbar0970/jethro-pmm,db_objects/congregation_service_component.class.php,f4c98747f85a170e15aba7a89b8616e49630ec06,true,false
thelia/thelia,local/modules/FreeOrder/FreeOrder.php,362f9974b3627e577c792f1e8a5dedccbef4ef12,true,false
thelia/thelia,core/lib/Thelia/Model/Customer.php,3fa8b2a18d6060c845d075d2dffae4a49a2cff2c,true,false
thelia/thelia,core/lib/Thelia/Module/BaseModule.php,812b133b38cd0aa160bb356ec6e9bc4b7221bcd2,true,false
thorsten/phpMyFAQ,tests/phpMyFAQ/Attachment/Filesystem/File/VanillaTest.php,40bf9b377a203e7ad6d75b66f550710e554eb643,false,true
thorsten/phpMyFAQ,tests/phpMyFAQ/Component/AlertTest.php,40bf9b377a203e7ad6d75b66f550710e554eb643,false,true
thorsten/phpMyFAQ,tests/phpMyFAQ/Helper/AdministrationHelperTest.php,40bf9b377a203e7ad6d75b66f550710e554eb643,false,true
thorsten/phpMyFAQ,tests/phpMyFAQ/FilterTest.php,6285992068b07dfd3fc37400ae3573626e6eec98,true,false
thorsten/phpMyFAQ,phpmyfaq/src/phpMyFAQ/Mail/SwiftSMTP.php,e0a8eac1f1603c2f9aa2b583e746b088ba9b5a43,true,false
twilio/twilio-php,src/Twilio/Serialize.php,f353d06b280a368caf8ca2187feeab15a15141cd,true,false
typecho/typecho,admin/copyright.php,0b021e5e7d88cbb8332501a86fa60d6b35596dac,true,false
typecho/typecho,var/Typecho/Config.php,13dc5e87dd1d00b52cb772d4a17cee97791e5336,true,false
typecho/typecho,var/Widget/Comments/Edit.php,5f943d48b5cad36cad6fc8d7554417291fced56c,true,false
typecho/typecho,var/Typecho/Widget.php,b23277267a639523b017b65bd841e21dbf294c90,true,false
unaio/una,template/form_field_custom_suggestions_js.html,8d3a8cab407299baf843186557edd175839720fc,true,false
ungdev/EtuUTT,src/Etu/Core/UserBundle/Controller/ProfileController.php,57443d6dd95ae2cc36638c47ccc3d8490020f3a9,true,false
ungdev/EtuUTT,src/Etu/Core/UserBundle/Resources/translations/messages.en.yml,57443d6dd95ae2cc36638c47ccc3d8490020f3a9,true,false
ungdev/EtuUTT,src/Etu/Core/UserBundle/Resources/translations/messages.fr.yml,57443d6dd95ae2cc36638c47ccc3d8490020f3a9,true,false
ungdev/EtuUTT,src/Etu/Module/ArgentiqueBundle/Resources/views/Admin/index.html.twig,5e04db58704d66e04100e01223d6dd2ff7411c49,true,false
ungdev/EtuUTT,src/Etu/Module/UVBundle/Command/ImportCommand.php,d39702ea58505d441e66fa14da7d88198a9b0c60,true,false
ventoviro/windwalker-core,src/Core/Router/RouteUri.php,ff79ca9edcbf6d9deb829c7bae7850e3ee37f367,true,false
vimeo/psalm,composer.json,510456c7c42a131d6370bea39dc73550ec482a43,false,true
vimeo/psalm,scoper.inc.php,510456c7c42a131d6370bea39dc73550ec482a43,false,true
voku/Arrayy,tests/Collection/CollectionTest.php,23f71b9dca11360be6a0e0ffdc17d535543ae862,false,true
voku/Arrayy,tests/Collection/StringTypeTest.php,23f71b9dca11360be6a0e0ffdc17d535543ae862,false,true
vufind-org/vufind,module/VuFind/src/VuFind/Recommend/PluginManager.php,36ac79b0565a5f6dcb8785d8e9d3b80c4542d633,true,false
vufind-org/vufind,module/VuFindSearch/src/VuFindSearch/Backend/Solr/Response/Json/RecordCollectionFactory.php,3b512d76c819880cd762001f79d1aae8efadd206,false,true
vufind-org/vufind,module/VuFind/src/VuFind/Recommend/SideFacets.php,642b875dc1afe652facd0ac123d86af519c83a6d,true,true
vufind-org/vufind,module/VuFind/tests/unit-tests/src/VuFindTest/Recommend/SideFacetsTest.php,642b875dc1afe652facd0ac123d86af519c83a6d,true,true
vufind-org/vufind,module/VuFind/src/VuFind/Search/Primo/Options.php,66350efa1000d355e26107e896f9dfe12fdbbe37,true,true
vufind-org/vufind,module/VuFind/src/VuFind/ILS/Driver/Voyager.php,74871fa97530bdb5e14360e3dff028f26b6b030d,false,true
vufind-org/vufind,themes/bootstrap3/js/facets.js,c93bb584f34e063aa614b1f9eb0680985bab521a,true,false
vufind-org/vufind,Gruntfile.js,ebdd071c91f5f830789e331a2117f4dd92a58f3e,true,false
vufind-org/vufind,module/VuFindSearch/src/VuFindSearch/Backend/Solr/QueryBuilder.php,fea7e0064eb74debc625340ec7f84edd3a475a6a,true,false
vufind-org/vufind,module/VuFindSearch/tests/unit-tests/src/VuFindTest/Backend/Solr/QueryBuilderTest.php,fea7e0064eb74debc625340ec7f84edd3a475a6a,true,false
walkor/Workerman,Protocols/Http.php,24c79f6677c28f7e46c8140fd997587a68dad37a,true,false
wikimedia/mediawiki-extensions-AbuseFilter,includes/Pager/AbuseLogPager.php,95c0978dc619895bd918e8ea438c9943350c0522,false,true
wikimedia/mediawiki-extensions-Babel,includes/Database.php,5d9dbc44275ed5230923273bdca8e4a12aae0447,true,true
wikimedia/mediawiki-extensions-CentralAuth,includes/Special/SpecialGlobalRenameQueue.php,25cd3b5c56982896c9cdb6609019d95cb7ca7572,true,false
wikimedia/mediawiki-extensions-CheckUser,maintenance/fixTrailingSpacesInLogs.php,e4abb512e9502280b4fc254f296c044be7236e4f,true,true
wikimedia/mediawiki-extensions-CheckUser,archives/patch-cu_changes-actor-comment.sql,ef2c3c3df5205a0b0b62a6dca1efc5d57b931825,true,false
wikimedia/mediawiki-extensions-CheckUser,cu_changes.pg.sql,ef2c3c3df5205a0b0b62a6dca1efc5d57b931825,true,false
wikimedia/mediawiki-extensions-CheckUser,cu_changes.sql,ef2c3c3df5205a0b0b62a6dca1efc5d57b931825,true,false
wikimedia/mediawiki-extensions-CirrusSearch,profiles/SaneitizeProfiles.config.php,23c37b62df93aab8f165a1b77434fc257992666f,true,false
wikimedia/mediawiki-extensions-CirrusSearch,resources/ext.cirrus.serp.js,346177486f658ed07052c021ace52c277f69f44f,true,true
wikimedia/mediawiki-extensions-CirrusSearch,maintenance/UpdateWeightedTags.php,b387a91309cb0a6d648c6ff40b5c1824afbb941a,true,false
wikimedia/mediawiki-extensions-CirrusSearch,tests/phpunit/unit/Maintenance/ConfigUtilsTest.php,db9db1574639a92c0d0137715a8e7f92d0b26331,true,false
wikimedia/mediawiki-extensions-CodeReview,maintenance/populateCaUserColumn.php,9107fbfc831c1784fe843e6ee3b13efebb705707,true,true
wikimedia/mediawiki-extensions-Disambiguator,modules/disambiguator/ext.disambiguator.js,81fd40686a7871ccb6a2c02146c36eb3c651762c,true,false
wikimedia/mediawiki-extensions-Echo,tests/qunit/index.js,5a76489be0d3adea5270655535b69ddafbce5e94,true,true
wikimedia/mediawiki-extensions-Echo,ServiceWiring.php,c48b69bdd73f410d2f962562b196545fac784e69,true,true
wikimedia/mediawiki-extensions-FlaggedRevs,modules/ext.flaggedRevs.review/review.js,3f9e352ca2eb843ece600ebfa0072b3cf86e7066,true,false
wikimedia/mediawiki-extensions-Flow,includes/View.php,c393b57514d2c26fd3388e73d1a055ef92a0bfa3,false,true
wikimedia/mediawiki-extensions-Flow,includes/Import/Wikitext/ConversionStrategy.php,d4e8a6113eae5b620ecd513e72b3c1dda2142ada,true,true
wikimedia/mediawiki-extensions-GWToolset,extension.json,5243c5693dbf846646045264faf49878036df092,false,true
wikimedia/mediawiki-extensions-GWToolset,includes/GWTException.php,5243c5693dbf846646045264faf49878036df092,false,true
wikimedia/mediawiki-extensions-GWToolset,includes/Models/MediawikiTemplate.php,9a266a3c1bc16a74dc651c94c19b2a9a74693ae2,false,true
wikimedia/mediawiki-extensions-ImageMap,extension.json,e0ef5634376a235d156c8ed3b82779cbc562f36b,true,false
wikimedia/mediawiki-extensions-MassEditRegex,includes/MassEditRegexAPI.php,46e11c1af3ae4ac40a0c4fdb0d5c12aa491c38ce,true,true
wikimedia/mediawiki-extensions-MassMessage,modules/ext.MassMessage.badhtml.js,859a8df492a1910c7a2209e9a28c2bb7839a5a22,true,false
wikimedia/mediawiki-extensions-MassMessage,i18n/en.json,ab677fd7e418dd1081e41d6e2186cc7f43967e65,true,false
wikimedia/mediawiki-extensions-MassMessage,includes/RequestProcessing/MassMessageRequestParser.php,ab677fd7e418dd1081e41d6e2186cc7f43967e65,true,false
wikimedia/mediawiki-extensions-MathSearch,includes/specials/SpecialMathSearch.php,1567c72724fa0d3ab648c96d5040938787be56aa,true,true
wikimedia/mediawiki-extensions-Newsletter,includes/specials/pagers/NewsletterTablePager.php,75fdd28aa0df09d92fc42cfa2d2bdacb515acaa6,true,true
wikimedia/mediawiki-extensions-OpenID,optionToTable.php,35f8faaebfe32c615cd16f39d5e8a99428ff177d,true,true
wikimedia/mediawiki-extensions-PageTriage,includes/ArticleCompile/ArticleCompileProcessor.php,928d77f200c7c669a37ea7a7865c190d60728c52,false,true
wikimedia/mediawiki-extensions-PageTriage,includes/ArticleCompile/ArticleCompileSnippet.php,f0494038fe2fdd0b57fda10e8e9f9322e62a6498,true,false
wikimedia/mediawiki-extensions-SecurePoll,cli/wm-scripts/ucoc/populateEditCount.php,07c3114a9cb531af5edbe150d7ff3d46b99dee2d,true,false
wikimedia/mediawiki-extensions-SecurePoll,cli/wm-scripts/ucoc/ucoc_tables.sql,07c3114a9cb531af5edbe150d7ff3d46b99dee2d,true,false
wikimedia/mediawiki-extensions-Thanks,modules/ext.thanks.flowthank.js,7e05c0f97a1c36738d9fc4ea34bee195af6d0c7d,true,false
wikimedia/mediawiki-extensions-Thanks,.svgo.config.js,bb54b8a1221b26b83b6bdb9f29b755357c33f062,true,false
wikimedia/mediawiki-extensions-Thanks,modules/userTalk-ltr.svg,bb54b8a1221b26b83b6bdb9f29b755357c33f062,true,false
wikimedia/mediawiki-extensions-Thanks,modules/userTalk-rtl.svg,bb54b8a1221b26b83b6bdb9f29b755357c33f062,true,false
wikimedia/mediawiki-extensions-Thanks,package-lock.json,bb54b8a1221b26b83b6bdb9f29b755357c33f062,true,false
wikimedia/mediawiki-extensions-Thanks,package.json,bb54b8a1221b26b83b6bdb9f29b755357c33f062,true,false
wikimedia/mediawiki-extensions-UserMerge,includes/MergeUser.php,c1f4df32b63be38ec958e6179708841b711fd9b9,true,true
wikimedia/mediawiki-extensions-WikimediaEvents,modules/ext.wikimediaEvents/clientError.js,1285e368e12df8d76fdb4f7d45600a2916cdfd53,true,false
wikimedia/mediawiki-extensions-WikimediaMaintenance,createExtensionTables.php,17f86faa4f56581b9c7148c6de91500c27c1bf1c,true,false
wikimedia/mediawiki-extensions-WikimediaMaintenance,addWiki.php,8ff69d856c357afe2a0bc9de595b1aea047bbc96,true,false
wikimedia/mediawiki-extensions-WikimediaMaintenance,dumpInterwiki.php,f42e89f0ce086262808a9840b7fd6996a94f2776,true,false
wikimedia/parsoid,src/Ext/Cite/Ref.php,47511e159a9d220f0bd06e05cb0634f06946cae0,true,false
wikimedia/parsoid,tests/parser/tableTests-knownFailures.json,5ba3f016b7b7669f7716eff6ffb38f5e8ab9528f,true,true
wikimedia/parsoid,tests/parser/tableTests.txt,5ba3f016b7b7669f7716eff6ffb38f5e8ab9528f,true,true
wikimedia/parsoid,src/Ext/ImageMap/ImageMap.php,9205ae73e0e26287e6aaab284f8631ed74cb02b4,true,false
wikimedia/parsoid,tests/parser/tableFixupsParserTests.txt,9ec4dac79ae3d926507817137d113204d0947958,true,true
wikimedia/parsoid,src/Html2Wt/DOMDiff.php,c6fb3f8fe78ed3ecff94a2bbad7f3c0be6148d6c,true,false
winkm89/teachPress,js/frontend.js,6bf074826fabb3fb97c972f94fe403b38682ef9c,true,false
wp-media/wp-rocket-helpers,cache/wp-rocket-no-cache-for-admins/wp-rocket-no-cache-for-admins.php,2137b09258b603bd750f08436eee8621b7d19872,true,false
wp-media/wp-rocket-helpers,cache/wp-rocket-no-cache-for-admins/wp-rocket-no-cache-for-admins.zip,2137b09258b603bd750f08436eee8621b7d19872,true,false
wsaqaf/mecodify,configurations_empty.php,965d940bd08c8103d454617473c7d1ee859c38d3,true,false
xnau/pardibee,classes/PDb_submission/main_query/update_query.php,31b118cf37587425b23ae7920c0c7a6cc5c6e721,false,true
xnau/pardibee,classes/PDb_Debug.php,4afc68976fc933a9e77bcebbc3730b2e5e52b75c,false,true
xnau/pardibee,classes/PDb_import/store.php,64aedfd5be083aa8bf060deb4657c72dc471d412,true,false
xnau/pardibee,classes/xnau_Template_Email.php,741b0a07940f4bf955ed368edaef1f60d7bedc33,true,false
xnau/pardibee,classes/PDb_submission/main_query/insert_query.php,81ed8d4d2242f1af7c46a1402ae129dd010a3116,false,true
xnau/pardibee,classes/PDb_admin_list/mass_edit.php,89f62fd4f4c62210e647af756b4ad7df8d626fc4,false,true
xnau/pardibee,classes/PDb_FormValidation.php,8e5a1893fbb12b49c40976764394f7e85c241053,false,true
xnau/pardibee,classes/PDb_List.php,b6fc2ec382458aae059407bc8e657efc38d189c3,false,true
xnau/pardibee,classes/PDb_CSV_Import.php,c410e1bcf6c6bbe872f60e4611564773ebb28dd3,false,true
xnau/pardibee,classes/PDb_Admin_Notices.php,c86d2c52d90c7694c454c7fc0fc5d513a24d511a,false,true
yansongda/pay,tests/Plugin/Wechat/Fund/Profitsharing/AddReceiverPluginTest.php,8b4db445e89ec50446107e2405032b330753bbbb,true,false
yiisoft/yii2,framework/helpers/BaseConsole.php,4cb799bf927f81b025a9079035ca23ba52bdb17e,true,false
yiisoft/yii2,framework/web/SessionIterator.php,4d90778861abbb1a2728437841b53a6f73bcc935,true,false
yiisoft/yii2,framework/db/mysql/Schema.php,6a36fa82c7cba8303c57b8d64a5dbcc555c4715a,true,true
yiisoft/yii2,tests/framework/db/mysql/SchemaTest.php,6a36fa82c7cba8303c57b8d64a5dbcc555c4715a,true,true
yiisoft/yii2,framework/web/DbSession.php,71e810c89d834295ae697d1f45f7444b1c246282,true,false
yiisoft/yii2,framework/di/Container.php,7a2689e761c3ce61edbb9ddd2e4dbd28376f861a,true,false
yiisoft/yii2,tests/framework/di/ContainerTest.php,7a2689e761c3ce61edbb9ddd2e4dbd28376f861a,true,false
yiisoft/yii2,tests/framework/di/stubs/QuxAnother.php,7a2689e761c3ce61edbb9ddd2e4dbd28376f861a,true,false
yiisoft/yii2,tests/framework/di/stubs/StaticMethodsWithIntersectionTypes.php,7a2689e761c3ce61edbb9ddd2e4dbd28376f861a,true,false
yiisoft/yii2,tests/framework/di/stubs/StaticMethodsWithUnionTypes.php,7a2689e761c3ce61edbb9ddd2e4dbd28376f861a,true,false
yiisoft/yii2,framework/helpers/BaseInflector.php,cf1600411cbf71d1c28f81b64430b6319eef5f6e,true,false
yiisoft/yii2,tests/framework/helpers/InflectorTest.php,cf1600411cbf71d1c28f81b64430b6319eef5f6e,true,false
yiisoft/yii2-framework,web/DbSession.php,a40105ba04a86528647e567bea391d22f9bb0188,true,false
yiisoft/yii2-framework,di/Container.php,b69d121de3a59b99d1b8c2ab4525cc5b2ed0763c,true,false
yiisoft/yii2-framework,helpers/BaseConsole.php,bed32f7e7ea96953c92f25503a5c9d2e35ba4355,true,false
yiisoft/yii2-framework,db/mysql/Schema.php,cafcbc18d35f710d978d67a4a7023bf31deb3c83,true,true
yiisoft/yii2-framework,helpers/BaseInflector.php,e8a78d8cfe907bc4647aa8f0fe80adb65f768a13,true,false
yiisoft/yii2-framework,web/SessionIterator.php,f8133aca6106ca94966b9b233e42a528f8274a4e,true,false
yosiakatsuki/ystandard,css/tiny-mce-style.css,b0066d01fa19266f4b4edea7d383c7bca349d8f1,true,false
yosiakatsuki/ystandard,css/ystandard.css,b0066d01fa19266f4b4edea7d383c7bca349d8f1,true,false
yosiakatsuki/ystandard,inc/content/class-recent-posts.php,b0066d01fa19266f4b4edea7d383c7bca349d8f1,true,false
yosiakatsuki/ystandard,src/sass/component/posts/_posts.scss,b0066d01fa19266f4b4edea7d383c7bca349d8f1,true,false
zencart/zencart,includes/modules/pages/checkout_shipping/header_php.php,575c0a434a9d563badaabae5d6ffcdb92c250d79,true,false
zencart/zencart,includes/modules/payment/paypal/paypal_functions.php,a434a5880ddc44f4ed4b9ec1833ac8fce1bd9720,true,false
